Bill of Lading #,Date,Description (Sales Category),Point of Origin,Carrier Ref,Vendor Invoice #,Invoice Date,Gal Purchased
627312, 01/02/2014,#2 ULTRA LS DIESEL UNDYED,19 Argo IL - Argo Kinder Morgan IL,EXCEL,788120, 01/02/2014,6415
934542, 01/02/2014,B100-SOY,19 Argo IL - Argo Kinder Morgan IL,EXCEL,788120, 01/02/2014,776
627328, 01/03/2014,#2 ULTRA LS DIESEL UNDYED,19 Argo IL - Argo Kinder Morgan IL,EXCEL,788135, 01/03/2014,6408
934566, 01/03/2014,B100-SOY,19 Argo IL - Argo Kinder Morgan IL,EXCEL,788135, 01/03/2014,774
627376, 01/03/2014,#2 ULTRA LS DIESEL UNDYED,19 Argo IL - Argo Kinder Morgan IL,EXCEL,788264, 01/03/2014,6409
934696, 01/03/2014,B100-SOY,19 Argo IL - Argo Kinder Morgan IL,EXCEL,788264, 01/03/2014,792
934750, 01/03/2014,#2 ULTRA LS DIESEL UNDYED,19 Argo IL - Argo Kinder Morgan IL,EXCEL,788304, 01/03/2014,6406
934739, 01/03/2014,B100-SOY,19 Argo IL - Argo Kinder Morgan IL,EXCEL,788304, 01/03/2014,793
627508, 01/04/2014,#2 ULTRA LS DIESEL UNDYED,19 Argo IL - Argo Kinder Morgan IL,EXCEL,788349, 01/04/2014,6408
934923, 01/04/2014,B100-SOY,19 Argo IL - Argo Kinder Morgan IL,EXCEL,788349, 01/04/2014,790
139464, 01/04/2014,#2 ULTRA LS DIESEL UNDYED,05 Forest View IL - Forest View IL,EXCEL,788376, 01/04/2014,6408
934887, 01/04/2014,B100-SOY,19 Argo IL - Argo Kinder Morgan IL,EXCEL,788376, 01/04/2014,791
627463, 01/04/2014,#2 ULTRA LS DIESEL UNDYED,19 Argo IL - Argo Kinder Morgan IL,EXCEL,788391, 01/04/2014,6408
934842, 01/04/2014,B100-SOY,19 Argo IL - Argo Kinder Morgan IL,EXCEL,788391, 01/04/2014,791
935015, 01/05/2014,#2 ULTRA LS DIESEL UNDYED,19 Argo IL - Argo Kinder Morgan IL,EXCEL,788487, 01/05/2014,6408
935019, 01/05/2014,B100-SOY,19 Argo IL - Argo Kinder Morgan IL,EXCEL,788487, 01/05/2014,792
139526, 01/05/2014,#2 ULTRA LS DIESEL UNDYED,05 Forest View IL - Forest View IL,EXCEL,789191, 01/05/2014,6406
935050, 01/05/2014,B100-SOY,19 Argo IL - Argo Kinder Morgan IL,EXCEL,789191, 01/05/2014,790
841071, 01/06/2014,B-11 Bio Diesel #2  ULSD,23 Lockport IL - Lockport IL,EXCEL,789192, 01/06/2014,7401
935410, 01/08/2014,#2 ULTRA LS DIESEL UNDYED,19 Argo IL - Argo Kinder Morgan IL,EXCEL,789302, 01/08/2014,6409
935399, 01/08/2014,B100-SOY,19 Argo IL - Argo Kinder Morgan IL,EXCEL,789302, 01/08/2014,791
1048387, 01/08/2014,B-11 Bio Diesel #2  ULSD,10 Mt Prospect IL - Mt. Prospect IL,EXCEL,789409, 01/08/2014,7402
841173, 01/07/2014,B-11 Bio Diesel #2  ULSD,23 Lockport IL - Lockport IL,EXCEL,789410, 01/07/2014,7400
841161, 01/07/2014,B-11 Bio Diesel #2  ULSD,23 Lockport IL - Lockport IL,EXCEL,789411, 01/07/2014,7402
841428, 01/09/2014,B-11 Bio Diesel #2  ULSD,23 Lockport IL - Lockport IL,EXCEL,789518, 01/09/2014,7200
935709, 01/10/2014,#2 ULTRA LS DIESEL UNDYED,19 Argo IL - Argo Kinder Morgan IL,EXCEL,789576, 01/10/2014,6406
935702, 01/09/2014,B100-SOY,19 Argo IL - Argo Kinder Morgan IL,EXCEL,789576, 01/10/2014,791
1048544, 01/08/2014,B-11 Bio Diesel #2  ULSD,10 Mt Prospect IL - Mt. Prospect IL,EXCEL,789620, 01/08/2014,7403
1048531, 01/08/2014,B-11 Bio Diesel #2  ULSD,10 Mt Prospect IL - Mt. Prospect IL,EXCEL,789621, 01/08/2014,7400
841418, 01/09/2014,B-11 Bio Diesel #2  ULSD,23 Lockport IL - Lockport IL,EXCEL,789622, 01/09/2014,7400
627834, 01/09/2014,#2 ULTRA LS DIESEL UNDYED,19 Argo IL - Argo Kinder Morgan IL,EXCEL,789634, 01/09/2014,6408
935544, 01/09/2014,B100-SOY,19 Argo IL - Argo Kinder Morgan IL,EXCEL,789634, 01/09/2014,793
628262, 01/13/2014,#2 ULTRA LS DIESEL UNDYED,19 Argo IL - Argo Kinder Morgan IL,EXCEL,789961, 01/13/2014,6408
936336, 01/13/2014,B100-SOY,19 Argo IL - Argo Kinder Morgan IL,EXCEL,789961, 01/13/2014,792
628283, 01/13/2014,#2 ULTRA LS DIESEL UNDYED,19 Argo IL - Argo Kinder Morgan IL,EXCEL,789983, 01/13/2014,6408
936389, 01/13/2014,B100-SOY,19 Argo IL - Argo Kinder Morgan IL,EXCEL,789983, 01/13/2014,792
628291, 01/13/2014,#2 ULTRA LS DIESEL UNDYED,19 Argo IL - Argo Kinder Morgan IL,EXCEL,789986, 01/13/2014,6608
936405, 01/13/2014,B100-SOY,19 Argo IL - Argo Kinder Morgan IL,EXCEL,789986, 01/13/2014,791
628389, 01/14/2014,#2 ULTRA LS DIESEL UNDYED,19 Argo IL - Argo Kinder Morgan IL,EXCEL,790283, 01/14/2014,6420
936622, 01/14/2014,B100-SOY,19 Argo IL - Argo Kinder Morgan IL,EXCEL,790283, 01/14/2014,794
628519, 01/14/2014,#2 ULTRA LS DIESEL UNDYED,19 Argo IL - Argo Kinder Morgan IL,EXCEL,790427, 01/14/2014,6408
936891, 01/14/2014,B100-SOY,19 Argo IL - Argo Kinder Morgan IL,EXCEL,790427, 01/14/2014,794
937102, 01/15/2014,#2 ULTRA LS DIESEL UNDYED,19 Argo IL - Argo Kinder Morgan IL,EXCEL,790712, 01/15/2014,6408
937091, 01/15/2014,B100-SOY,19 Argo IL - Argo Kinder Morgan IL,EXCEL,790712, 01/15/2014,793
937137, 01/15/2014,#2 ULTRA LS DIESEL UNDYED,19 Argo IL - Argo Kinder Morgan IL,EXCEL,790713, 01/15/2014,6410
937132, 01/15/2014,B100-SOY,19 Argo IL - Argo Kinder Morgan IL,EXCEL,790713, 01/15/2014,791
8254, 01/16/2014,B-11 Bio Diesel #2  ULSD,03 Lemont IL - Lemont IL,EXCEL,791007, 01/16/2014,7209
937843, 01/18/2014,#2 ULTRA LS DIESEL UNDYED,19 Argo IL - Argo Kinder Morgan IL,EXCEL,791203, 01/18/2014,6405
937841, 01/18/2014,B100-SOY,19 Argo IL - Argo Kinder Morgan IL,EXCEL,791203, 01/18/2014,791
140574, 01/17/2014,#2 ULTRA LS DIESEL UNDYED,05 Forest View IL - Forest View IL,Mike Raess & SonTrucking,791716, 01/17/2014,2204
140573, 01/17/2014,#2 ULTRA LS DIESEL UNDYED,05 Forest View IL - Forest View IL,Mike Raess & SonTrucking,791716, 01/17/2014,4205
937824, 01/17/2014,B100-SOY,19 Argo IL - Argo Kinder Morgan IL,Mike Raess & SonTrucking,791716, 01/17/2014,795
140585, 01/17/2014,#2 ULTRA LS DIESEL UNDYED,05 Forest View IL - Forest View IL,Mike Raess & SonTrucking,791717, 01/17/2014,6411
937842, 01/18/2014,B100-SOY,19 Argo IL - Argo Kinder Morgan IL,Mike Raess & SonTrucking,791717, 01/17/2014,796
937902, 01/18/2014,#2 ULTRA LS DIESEL UNDYED,19 Argo IL - Argo Kinder Morgan IL,Mike Raess & SonTrucking,791718, 01/18/2014,6411
937909, 01/18/2014,B100-SOY,19 Argo IL - Argo Kinder Morgan IL,Mike Raess & SonTrucking,791718, 01/18/2014,792
629554, 01/22/2014,#2 ULTRA LS DIESEL UNDYED,19 Argo IL - Argo Kinder Morgan IL,EXCEL,792088, 01/22/2014,6408
938853, 01/22/2014,B100-SOY,19 Argo IL - Argo Kinder Morgan IL,EXCEL,792088, 01/22/2014,792
629540, 01/22/2014,#2 ULTRA LS DIESEL UNDYED,19 Argo IL - Argo Kinder Morgan IL,EXCEL,792103, 01/22/2014,6408
938814, 01/22/2014,B100-SOY,19 Argo IL - Argo Kinder Morgan IL,EXCEL,792103, 01/22/2014,794
141327, 01/23/2014,#2 ULTRA LS DIESEL UNDYED,05 Forest View IL - Forest View IL,EXCEL,792410, 01/23/2014,6405
939141, 01/23/2014,B100-SOY,19 Argo IL - Argo Kinder Morgan IL,EXCEL,792410, 01/23/2014,792
141277, 01/23/2014,#2 ULTRA LS DIESEL UNDYED,05 Forest View IL - Forest View IL,EXCEL,792412, 01/23/2014,6406
939079, 01/23/2014,B100-SOY,19 Argo IL - Argo Kinder Morgan IL,EXCEL,792412, 01/23/2014,792
141313, 01/23/2014,#2 ULTRA LS DIESEL UNDYED,05 Forest View IL - Forest View IL,EXCEL,792413, 01/23/2014,6407
939123, 01/23/2014,B100-SOY,19 Argo IL - Argo Kinder Morgan IL,EXCEL,792413, 01/23/2014,786
629806, 01/24/2014,#2 ULTRA LS DIESEL UNDYED,19 Argo IL - Argo Kinder Morgan IL,EXCEL,792513, 01/24/2014,6608
939328, 01/24/2014,B100-SOY,19 Argo IL - Argo Kinder Morgan IL,EXCEL,792513, 01/24/2014,23
939302, 01/24/2014,B100-SOY,19 Argo IL - Argo Kinder Morgan IL,EXCEL,792513, 01/24/2014,793
809879, 01/25/2014,#2 ULTRA LS DIESEL UNDYED,Bolingbrook - Bolongbrook,Mike Raess & SonTrucking,792855, 01/25/2014,6409
939435, 01/25/2014,B100-SOY,19 Argo IL - Argo Kinder Morgan IL,Mike Raess & SonTrucking,792855, 01/25/2014,792
939672, 01/27/2014,#2 ULTRA LS DIESEL UNDYED,19 Argo IL - Argo Kinder Morgan IL,EXCEL,792984, 01/27/2014,6407
939658, 01/27/2014,B100-SOY,19 Argo IL - Argo Kinder Morgan IL,EXCEL,792984, 01/27/2014,791
939678, 01/27/2014,#2 ULTRA LS DIESEL UNDYED,19 Argo IL - Argo Kinder Morgan IL,EXCEL,792985, 01/27/2014,6409
939668, 01/27/2014,B100-SOY,19 Argo IL - Argo Kinder Morgan IL,EXCEL,792985, 01/27/2014,793
844115, 01/24/2014,B-11 Bio Diesel #2  ULSD,23 Lockport IL - Lockport IL,EXCEL,793133, 01/24/2014,7214
141478, 01/24/2014,#2 ULTRA LS DIESEL UNDYED,05 Forest View IL - Forest View IL,EXCEL,793134, 01/24/2014,6414
939367, 01/24/2014,B100-SOY,19 Argo IL - Argo Kinder Morgan IL,EXCEL,793134, 01/24/2014,793
140642, 01/28/2014,RFG NL 10% /E (87 MIN OC,01 Blue Island IL - Blue Island IL,EXCEL,793238, 01/28/2014,6507
140642, 01/28/2014,RFG PNL W/10%E 93 MIN,01 Blue Island IL - Blue Island IL,EXCEL,793238, 01/28/2014,1991
844620, 01/27/2014,B-11 Bio Diesel #2  ULSD,23 Lockport IL - Lockport IL,EXCEL,793350, 01/27/2014,7401
630370, 01/29/2014,#2 ULTRA LS DIESEL UNDYED,19 Argo IL - Argo Kinder Morgan IL,EXCEL,793437, 01/29/2014,6408
940062, 01/29/2014,B100-SOY,19 Argo IL - Argo Kinder Morgan IL,EXCEL,793437, 01/29/2014,793
142073, 01/29/2014,#2 ULTRA LS DIESEL UNDYED,05 Forest View IL - Forest View IL,EXCEL,793751, 01/29/2014,6406
940147, 01/29/2014,B100-SOY,19 Argo IL - Argo Kinder Morgan IL,EXCEL,793751, 01/29/2014,792
142084, 01/29/2014,#2 ULTRA LS DIESEL UNDYED,05 Forest View IL - Forest View IL,EXCEL,793752, 01/29/2014,6406
940171, 01/29/2014,B100-SOY,19 Argo IL - Argo Kinder Morgan IL,EXCEL,793752, 01/29/2014,791
142079, 01/29/2014,#2 ULTRA LS DIESEL UNDYED,05 Forest View IL - Forest View IL,EXCEL,793754, 01/29/2014,6409
940144, 01/29/2014,B100-SOY,19 Argo IL - Argo Kinder Morgan IL,EXCEL,793754, 01/29/2014,794
142385, 02/01/2014,#2 ULTRA LS DIESEL UNDYED,05 Forest View IL - Forest View IL,EXCEL,793925, 02/01/2014,6409
940766, 02/01/2014,B100-SOY,19 Argo IL - Argo Kinder Morgan IL,EXCEL,793925, 02/01/2014,794
142441, 02/01/2014,#2 ULTRA LS DIESEL UNDYED,05 Forest View IL - Forest View IL,EXCEL,793933, 02/01/2014,6406
940838, 02/01/2014,B100-SOY,19 Argo IL - Argo Kinder Morgan IL,EXCEL,793933, 02/01/2014,790
142436, 02/01/2014,#2 ULTRA LS DIESEL UNDYED,05 Forest View IL - Forest View IL,EXCEL,793971, 02/01/2014,6407
940837, 02/01/2014,B100-SOY,19 Argo IL - Argo Kinder Morgan IL,EXCEL,793971, 02/01/2014,784
142388, 02/01/2014,#2 ULTRA LS DIESEL UNDYED,05 Forest View IL - Forest View IL,EXCEL,793977, 02/01/2014,6406
940764, 02/01/2014,B100-SOY,19 Argo IL - Argo Kinder Morgan IL,EXCEL,793977, 02/01/2014,791
142472, 02/01/2014,#2 ULTRA LS DIESEL UNDYED,05 Forest View IL - Forest View IL,EXCEL,794009, 02/01/2014,6007
940878, 02/01/2014,B100-SOY,19 Argo IL - Argo Kinder Morgan IL,EXCEL,794009, 02/01/2014,787
142531, 02/02/2014,#2 ULTRA LS DIESEL UNDYED,05 Forest View IL - Forest View IL,EXCEL,794057, 02/02/2014,6407
941001, 02/02/2014,B100-SOY,19 Argo IL - Argo Kinder Morgan IL,EXCEL,794057, 02/02/2014,784
142859, 02/05/2014,#2 ULTRA LS DIESEL UNDYED,05 Forest View IL - Forest View IL,EXCEL,794532, 02/05/2014,6400
941535, 02/05/2014,B100-SOY,19 Argo IL - Argo Kinder Morgan IL,EXCEL,794532, 02/05/2014,785
631225, 02/05/2014,#2 ULTRA LS DIESEL UNDYED,19 Argo IL - Argo Kinder Morgan IL,EXCEL,794814, 02/05/2014,6409
941538, 02/04/2014,B100-SOY,19 Argo IL - Argo Kinder Morgan IL,EXCEL,794814, 02/05/2014,795
631205, 02/04/2014,#2 ULTRA LS DIESEL UNDYED,19 Argo IL - Argo Kinder Morgan IL,EXCEL,794815, 02/04/2014,6410
941494, 02/04/2014,B100-SOY,19 Argo IL - Argo Kinder Morgan IL,EXCEL,794815, 02/04/2014,795
631487, 02/07/2014,#2 ULTRA LS DIESEL UNDYED,19 Argo IL - Argo Kinder Morgan IL,EXCEL,794967, 02/07/2014,6412
942065, 02/07/2014,B100-SOY,19 Argo IL - Argo Kinder Morgan IL,EXCEL,794967, 02/07/2014,775
631336, 02/05/2014,#2 ULTRA LS DIESEL UNDYED,19 Argo IL - Argo Kinder Morgan IL,EXCEL,795092, 02/05/2014,6408
941760, 02/05/2014,B100-SOY,19 Argo IL - Argo Kinder Morgan IL,EXCEL,795092, 02/05/2014,783
631298, 02/05/2014,#2 ULTRA LS DIESEL UNDYED,19 Argo IL - Argo Kinder Morgan IL,EXCEL,795093, 02/05/2014,6408
941679, 02/05/2014,B100-SOY,19 Argo IL - Argo Kinder Morgan IL,EXCEL,795093, 02/05/2014,792
631483, 02/07/2014,#2 ULTRA LS DIESEL UNDYED,19 Argo IL - Argo Kinder Morgan IL,EXCEL,795232, 02/07/2014,6408
942054, 02/07/2014,B100-SOY,19 Argo IL - Argo Kinder Morgan IL,EXCEL,795232, 02/07/2014,775
631788, 02/10/2014,#2 ULTRA LS DIESEL UNDYED,19 Argo IL - Argo Kinder Morgan IL,EXCEL,795398, 02/10/2014,6418
942623, 02/10/2014,B100-SOY,19 Argo IL - Argo Kinder Morgan IL,EXCEL,795398, 02/10/2014,774
846503, 02/06/2014,RFG NL 10% /E (87 MIN OC,23 Lockport IL - Lockport IL,EXCEL,795545, 02/06/2014,7501
846503, 02/06/2014,RFG PNL W/10%E 93 MIN,23 Lockport IL - Lockport IL,EXCEL,795545, 02/06/2014,1000
631468, 02/06/2014,#2 ULTRA LS DIESEL UNDYED,19 Argo IL - Argo Kinder Morgan IL,EXCEL,795553, 02/06/2014,6408
942021, 02/06/2014,B100-SOY,19 Argo IL - Argo Kinder Morgan IL,EXCEL,795553, 02/06/2014,773
631471, 02/06/2014,#2 ULTRA LS DIESEL UNDYED,19 Argo IL - Argo Kinder Morgan IL,EXCEL,795555, 02/06/2014,6408
942032, 02/06/2014,B100-SOY,19 Argo IL - Argo Kinder Morgan IL,EXCEL,795555, 02/06/2014,775
631425, 02/06/2014,#2 ULTRA LS DIESEL UNDYED,19 Argo IL - Argo Kinder Morgan IL,EXCEL,795557, 02/06/2014,6408
941941, 02/06/2014,B100-SOY,19 Argo IL - Argo Kinder Morgan IL,EXCEL,795557, 02/06/2014,99
941928, 02/06/2014,B100-SOY,19 Argo IL - Argo Kinder Morgan IL,EXCEL,795557, 02/06/2014,692
942293, 02/07/2014,#2 ULTRA LS DIESEL UNDYED,19 Argo IL - Argo Kinder Morgan IL,EXCEL,795894, 02/07/2014,6408
942283, 02/07/2014,B100-SOY,19 Argo IL - Argo Kinder Morgan IL,EXCEL,795894, 02/07/2014,772
631617, 02/07/2014,#2 ULTRA LS DIESEL UNDYED,19 Argo IL - Argo Kinder Morgan IL,EXCEL,795895, 02/07/2014,6409
942323, 02/07/2014,B100-SOY,19 Argo IL - Argo Kinder Morgan IL,EXCEL,795895, 02/07/2014,774
631683, 02/08/2014,#2 ULTRA LS DIESEL UNDYED,19 Argo IL - Argo Kinder Morgan IL,EXCEL,795896, 02/08/2014,6408
942467, 02/08/2014,B100-SOY,19 Argo IL - Argo Kinder Morgan IL,EXCEL,795896, 02/08/2014,774
631708, 02/08/2014,#2 ULTRA LS DIESEL UNDYED,19 Argo IL - Argo Kinder Morgan IL,EXCEL,795897, 02/08/2014,6409
942498, 02/08/2014,B100-SOY,19 Argo IL - Argo Kinder Morgan IL,EXCEL,795897, 02/08/2014,773
631891, 02/11/2014,#2 ULTRA LS DIESEL UNDYED,19 Argo IL - Argo Kinder Morgan IL,EXCEL,796024, 02/11/2014,6408
942854, 02/11/2014,B100-SOY,19 Argo IL - Argo Kinder Morgan IL,EXCEL,796024, 02/11/2014,786
143717, 02/11/2014,#2 ULTRA LS DIESEL UNDYED,05 Forest View IL - Forest View IL,EXCEL,796031, 02/11/2014,6402
943079, 02/11/2014,B100-SOY,19 Argo IL - Argo Kinder Morgan IL,EXCEL,796031, 02/11/2014,674
943062, 02/11/2014,B100-SOY,19 Argo IL - Argo Kinder Morgan IL,EXCEL,796031, 02/11/2014,110
847552, 02/11/2014,B-11 Bio Diesel #2  ULSD,23 Lockport IL - Lockport IL,EXCEL,796303, 02/11/2014,7200
631969, 02/11/2014,#2 ULTRA LS DIESEL UNDYED,19 Argo IL - Argo Kinder Morgan IL,EXCEL,796305, 02/11/2014,6410
942961, 02/11/2014,B100-SOY,19 Argo IL - Argo Kinder Morgan IL,EXCEL,796305, 02/11/2014,787
632009, 02/11/2014,#2 ULTRA LS DIESEL UNDYED,19 Argo IL - Argo Kinder Morgan IL,EXCEL,796306, 02/11/2014,6408
943049, 02/11/2014,B100-SOY,19 Argo IL - Argo Kinder Morgan IL,EXCEL,796306, 02/11/2014,785
632169, 02/13/2014,#2 ULTRA LS DIESEL UNDYED,19 Argo IL - Argo Kinder Morgan IL,EXCEL,796447, 02/13/2014,6408
943370, 02/13/2014,B100-SOY,19 Argo IL - Argo Kinder Morgan IL,EXCEL,796447, 02/13/2014,777
943600, 02/13/2014,#2 ULTRA LS DIESEL UNDYED,19 Argo IL - Argo Kinder Morgan IL,EXCEL,796466, 02/13/2014,6404
943587, 02/13/2014,B100-SOY,19 Argo IL - Argo Kinder Morgan IL,EXCEL,796466, 02/13/2014,783
632165, 02/12/2014,#2 ULTRA LS DIESEL UNDYED,19 Argo IL - Argo Kinder Morgan IL,EXCEL,796549, 02/12/2014,6408
943357, 02/12/2014,B100-SOY,19 Argo IL - Argo Kinder Morgan IL,EXCEL,796549, 02/12/2014,780
632152, 02/12/2014,#2 ULTRA LS DIESEL UNDYED,19 Argo IL - Argo Kinder Morgan IL,EXCEL,796550, 02/12/2014,6408
943336, 02/12/2014,B100-SOY,19 Argo IL - Argo Kinder Morgan IL,EXCEL,796550, 02/12/2014,786
632303, 02/13/2014,#2 ULTRA LS DIESEL UNDYED,19 Argo IL - Argo Kinder Morgan IL,EXCEL,796569, 02/13/2014,6408
943631, 02/13/2014,B100-SOY,19 Argo IL - Argo Kinder Morgan IL,EXCEL,796569, 02/13/2014,775
632294, 02/13/2014,#2 ULTRA LS DIESEL UNDYED,19 Argo IL - Argo Kinder Morgan IL,EXCEL,796572, 02/13/2014,6408
943604, 02/13/2014,B100-SOY,19 Argo IL - Argo Kinder Morgan IL,EXCEL,796572, 02/13/2014,782
632407, 02/14/2014,#2 ULTRA LS DIESEL UNDYED,19 Argo IL - Argo Kinder Morgan IL,EXCEL,796663, 02/14/2014,5736
632409, 02/14/2014,#2 ULTRA LS DIESEL UNDYED,01 Blue Island IL - Blue Island IL,EXCEL,796663, 02/14/2014,672
943803, 02/14/2014,B100-SOY,19 Argo IL - Argo Kinder Morgan IL,EXCEL,796663, 02/14/2014,777
944449, 02/17/2014,#2 ULTRA LS DIESEL UNDYED,19 Argo IL - Argo Kinder Morgan IL,EXCEL,797134, 02/17/2014,6422
944445, 02/17/2014,B100-SOY,19 Argo IL - Argo Kinder Morgan IL,EXCEL,797134, 02/17/2014,779
944446, 02/17/2014,#2 ULTRA LS DIESEL UNDYED,19 Argo IL - Argo Kinder Morgan IL,EXCEL,797233, 02/17/2014,6305
944433, 02/17/2014,B100-SOY,19 Argo IL - Argo Kinder Morgan IL,EXCEL,797233, 02/17/2014,774
632448, 02/14/2014,#2 ULTRA LS DIESEL UNDYED,19 Argo IL - Argo Kinder Morgan IL,EXCEL,797234, 02/14/2014,6408
943919, 02/14/2014,B100-SOY,19 Argo IL - Argo Kinder Morgan IL,EXCEL,797234, 02/14/2014,777
632437, 02/14/2014,#2 ULTRA LS DIESEL UNDYED,19 Argo IL - Argo Kinder Morgan IL,EXCEL,797236, 02/14/2014,6408
943898, 02/14/2014,B100-SOY,19 Argo IL - Argo Kinder Morgan IL,EXCEL,797236, 02/14/2014,777
632678, 02/17/2014,#2 ULTRA LS DIESEL UNDYED,19 Argo IL - Argo Kinder Morgan IL,EXCEL,797418, 02/17/2014,6408
944344, 02/17/2014,B100-SOY,19 Argo IL - Argo Kinder Morgan IL,EXCEL,797418, 02/17/2014,778
632684, 02/17/2014,#2 ULTRA LS DIESEL UNDYED,19 Argo IL - Argo Kinder Morgan IL,EXCEL,797420, 02/17/2014,6408
944368, 02/17/2014,B100-SOY,19 Argo IL - Argo Kinder Morgan IL,EXCEL,797420, 02/17/2014,774
944881, 02/19/2014,#2 ULTRA LS DIESEL UNDYED,19 Argo IL - Argo Kinder Morgan IL,EXCEL,797625, 02/19/2014,6398
944875, 02/19/2014,B100-SOY,19 Argo IL - Argo Kinder Morgan IL,EXCEL,797625, 02/19/2014,797
144801, 02/19/2014,#2 ULTRA LS DIESEL UNDYED,05 Forest View IL - Forest View IL,EXCEL,797816, 02/19/2014,6407
944933, 02/19/2014,B100-SOY,19 Argo IL - Argo Kinder Morgan IL,EXCEL,797816, 02/19/2014,776
144803, 02/19/2014,#2 ULTRA LS DIESEL UNDYED,05 Forest View IL - Forest View IL,EXCEL,797817, 02/19/2014,6406
944938, 02/19/2014,B100-SOY,19 Argo IL - Argo Kinder Morgan IL,EXCEL,797817, 02/19/2014,778
944960, 02/19/2014,#2 ULTRA LS DIESEL UNDYED,19 Argo IL - Argo Kinder Morgan IL,,797818, 02/19/2014,1360
944958, 02/19/2014,#2 ULTRA LS DIESEL UNDYED,19 Argo IL - Argo Kinder Morgan IL,EXCEL,797818, 02/19/2014,5048
944953, 02/19/2014,B100-SOY,19 Argo IL - Argo Kinder Morgan IL,EXCEL,797818, 02/19/2014,772
144966, 02/20/2014,#2 ULTRA LS DIESEL UNDYED,05 Forest View IL - Forest View IL,EXCEL,798244, 02/20/2014,6405
945141, 02/20/2014,B100-SOY,19 Argo IL - Argo Kinder Morgan IL,EXCEL,798244, 02/20/2014,773
144949, 02/20/2014,#2 ULTRA LS DIESEL UNDYED,05 Forest View IL - Forest View IL,EXCEL,798250, 02/20/2014,6408
945118, 02/20/2014,B100-SOY,19 Argo IL - Argo Kinder Morgan IL,EXCEL,798250, 02/20/2014,779
144969, 02/20/2014,#2 ULTRA LS DIESEL UNDYED,05 Forest View IL - Forest View IL,EXCEL,798252, 02/20/2014,6406
945145, 02/20/2014,B100-SOY,19 Argo IL - Argo Kinder Morgan IL,EXCEL,798252, 02/20/2014,776
849241, 02/20/2014,RFG NL 10% /E (87 MIN OC,23 Lockport IL - Lockport IL,EXCEL,798265, 02/20/2014,8000
849241, 02/20/2014,RFG PNL W/10%E 93 MIN,23 Lockport IL - Lockport IL,EXCEL,798265, 02/20/2014,501
815536, 02/22/2014,#2 ULTRA LS DIESEL UNDYED,Bolingbrook - Bolongbrook,Mike Raess & SonTrucking,798404, 02/22/2014,6408
945445, 02/22/2014,B100-SOY,19 Argo IL - Argo Kinder Morgan IL,Mike Raess & SonTrucking,798404, 02/22/2014,783
633394, 02/23/2014,#2 ULTRA LS DIESEL UNDYED,19 Argo IL - Argo Kinder Morgan IL,EXCEL,798441, 02/23/2014,6408
945607, 02/23/2014,B100-SOY,19 Argo IL - Argo Kinder Morgan IL,EXCEL,798441, 02/23/2014,782
633334, 02/22/2014,#2 ULTRA LS DIESEL UNDYED,19 Argo IL - Argo Kinder Morgan IL,EXCEL,798442, 02/22/2014,6408
945506, 02/22/2014,B100-SOY,19 Argo IL - Argo Kinder Morgan IL,EXCEL,798442, 02/22/2014,785
633387, 02/23/2014,#2 ULTRA LS DIESEL UNDYED,19 Argo IL - Argo Kinder Morgan IL,EXCEL,798444, 02/23/2014,6408
945586, 02/23/2014,B100-SOY,19 Argo IL - Argo Kinder Morgan IL,EXCEL,798444, 02/23/2014,798
633750, 02/25/2014,#2 ULTRA LS DIESEL UNDYED,19 Argo IL - Argo Kinder Morgan IL,EXCEL,798952, 02/25/2014,6408
946108, 02/25/2014,B100-SOY,19 Argo IL - Argo Kinder Morgan IL,EXCEL,798952, 02/25/2014,771
633745, 02/25/2014,#2 ULTRA LS DIESEL UNDYED,19 Argo IL - Argo Kinder Morgan IL,EXCEL,798954, 02/25/2014,6408
946098, 02/25/2014,B100-SOY,19 Argo IL - Argo Kinder Morgan IL,EXCEL,798954, 02/25/2014,775
633735, 02/25/2014,#2 ULTRA LS DIESEL UNDYED,19 Argo IL - Argo Kinder Morgan IL,EXCEL,798955, 02/25/2014,6408
946074, 02/25/2014,B100-SOY,19 Argo IL - Argo Kinder Morgan IL,EXCEL,798955, 02/25/2014,773
145843, 02/27/2014,#2 ULTRA LS DIESEL UNDYED,05 Forest View IL - Forest View IL,EXCEL,799135, 02/27/2014,6405
946387, 02/27/2014,B100-SOY,19 Argo IL - Argo Kinder Morgan IL,EXCEL,799135, 02/27/2014,782
145826, 02/26/2014,#2 ULTRA LS DIESEL UNDYED,05 Forest View IL - Forest View IL,EXCEL,799136, 02/26/2014,6407
946361, 02/26/2014,B100-SOY,19 Argo IL - Argo Kinder Morgan IL,EXCEL,799136, 02/26/2014,776
633823, 02/26/2014,#2 ULTRA LS DIESEL UNDYED,19 Argo IL - Argo Kinder Morgan IL,EXCEL,799137, 02/26/2014,6408
946272, 02/26/2014,B100-SOY,19 Argo IL - Argo Kinder Morgan IL,EXCEL,799137, 02/26/2014,777
145829, 02/26/2014,#2 ULTRA LS DIESEL UNDYED,05 Forest View IL - Forest View IL,EXCEL,799138, 02/26/2014,6406
946370, 02/26/2014,B100-SOY,19 Argo IL - Argo Kinder Morgan IL,EXCEL,799138, 02/26/2014,774
946782, 02/28/2014,#2 ULTRA LS DIESEL UNDYED,19 Argo IL - Argo Kinder Morgan IL,EXCEL,799259, 02/28/2014,6407
946776, 02/28/2014,B100-SOY,19 Argo IL - Argo Kinder Morgan IL,EXCEL,799259, 02/28/2014,779
634144, 02/28/2014,#2 ULTRA LS DIESEL UNDYED,01 Blue Island IL - Blue Island IL,EXCEL,799260, 02/28/2014,6408
946893, 02/28/2014,B100-SOY,19 Argo IL - Argo Kinder Morgan IL,EXCEL,799260, 02/28/2014,780
946810, 02/28/2014,#2 ULTRA LS DIESEL UNDYED,19 Argo IL - Argo Kinder Morgan IL,EXCEL,799264, 02/28/2014,6408
946806, 02/28/2014,B100-SOY,19 Argo IL - Argo Kinder Morgan IL,EXCEL,799264, 02/28/2014,780
146132, 02/28/2014,#2 ULTRA LS DIESEL UNDYED,05 Forest View IL - Forest View IL,EXCEL,799559, 02/28/2014,6406
946863, 02/28/2014,B100-SOY,19 Argo IL - Argo Kinder Morgan IL,EXCEL,799559, 02/28/2014,798
146144, 02/28/2014,#2 ULTRA LS DIESEL UNDYED,05 Forest View IL - Forest View IL,EXCEL,799561, 02/28/2014,6405
946871, 02/28/2014,B100-SOY,19 Argo IL - Argo Kinder Morgan IL,EXCEL,799561, 02/28/2014,782
947350, 03/03/2014,#2 ULTRA LS DIESEL UNDYED,19 Argo IL - Argo Kinder Morgan IL,EXCEL,799686, 03/03/2014,6409
947325, 03/03/2014,B100-SOY,19 Argo IL - Argo Kinder Morgan IL,EXCEL,799686, 03/03/2014,796
947416, 03/03/2014,#2 ULTRA LS DIESEL UNDYED,19 Argo IL - Argo Kinder Morgan IL,EXCEL,799711, 03/03/2014,6407
947409, 03/03/2014,B100-SOY,19 Argo IL - Argo Kinder Morgan IL,EXCEL,799711, 03/03/2014,796
146255, 03/01/2014,#2 ULTRA LS DIESEL UNDYED,05 Forest View IL - Forest View IL,EXCEL,799780, 03/01/2014,6407
947063, 03/01/2014,B100-SOY,19 Argo IL - Argo Kinder Morgan IL,EXCEL,799780, 03/01/2014,798
634413, 03/03/2014,#2 ULTRA LS DIESEL UNDYED,19 Argo IL - Argo Kinder Morgan IL,EXCEL,800009, 03/03/2014,6408
947433, 03/03/2014,B100-SOY,19 Argo IL - Argo Kinder Morgan IL,EXCEL,800009, 03/03/2014,796
634418, 03/04/2014,#2 ULTRA LS DIESEL UNDYED,19 Argo IL - Argo Kinder Morgan IL,EXCEL,800010, 03/04/2014,6409
947451, 03/04/2014,B100-SOY,19 Argo IL - Argo Kinder Morgan IL,EXCEL,800010, 03/04/2014,796
634412, 03/03/2014,#2 ULTRA LS DIESEL UNDYED,19 Argo IL - Argo Kinder Morgan IL,EXCEL,800238, 03/03/2014,6408
947437, 03/03/2014,B100-SOY,19 Argo IL - Argo Kinder Morgan IL,EXCEL,800238, 03/03/2014,796
851756, 03/05/2014,RFG NL 10% /E (87 MIN OC,23 Lockport IL - Lockport IL,EXCEL,800240, 03/05/2014,7700
851756, 03/05/2014,RFG PNL W/10%E 93 MIN,23 Lockport IL - Lockport IL,EXCEL,800240, 03/05/2014,1000
146900, 03/06/2014,#2 ULTRA LS DIESEL UNDYED,05 Forest View IL - Forest View IL,EXCEL,800351, 03/06/2014,6409
948279, 03/06/2014,B100-SOY,19 Argo IL - Argo Kinder Morgan IL,EXCEL,800351, 03/06/2014,793
634754, 03/06/2014,#2 ULTRA LS DIESEL UNDYED,19 Argo IL - Argo Kinder Morgan IL,EXCEL,800529, 03/06/2014,6408
948160, 03/06/2014,B100-SOY,19 Argo IL - Argo Kinder Morgan IL,EXCEL,800529, 03/06/2014,796
634843, 03/06/2014,#2 ULTRA LS DIESEL UNDYED,19 Argo IL - Argo Kinder Morgan IL,EXCEL,800541, 03/06/2014,3408
634841, 03/06/2014,#2 ULTRA LS DIESEL UNDYED,05 Forest View IL - Forest View IL,EXCEL,800541, 03/06/2014,3000
948327, 03/07/2014,B100-SOY,19 Argo IL - Argo Kinder Morgan IL,EXCEL,800541, 03/06/2014,783
635247, 03/10/2014,#2 ULTRA LS DIESEL UNDYED,19 Argo IL - Argo Kinder Morgan IL,Mike Raess & SonTrucking,801479, 03/10/2014,6586
949049, 03/10/2014,B100-SOY,19 Argo IL - Argo Kinder Morgan IL,Mike Raess & SonTrucking,801479, 03/10/2014,814
147074, 03/07/2014,#2 ULTRA LS DIESEL UNDYED,05 Forest View IL - Forest View IL,Mike Raess & SonTrucking,801480, 03/07/2014,6406
948490, 03/07/2014,B100-SOY,19 Argo IL - Argo Kinder Morgan IL,Mike Raess & SonTrucking,801480, 03/07/2014,792
147088, 03/07/2014,#2 ULTRA LS DIESEL UNDYED,05 Forest View IL - Forest View IL,Mike Raess & SonTrucking,801481, 03/07/2014,6406
948536, 03/07/2014,B100-SOY,19 Argo IL - Argo Kinder Morgan IL,Mike Raess & SonTrucking,801481, 03/07/2014,792
147079, 03/07/2014,#2 ULTRA LS DIESEL UNDYED,05 Forest View IL - Forest View IL,Mike Raess & SonTrucking,801482, 03/07/2014,6410
948513, 03/07/2014,B100-SOY,19 Argo IL - Argo Kinder Morgan IL,Mike Raess & SonTrucking,801482, 03/07/2014,792
147073, 03/07/2014,#2 ULTRA LS DIESEL UNDYED,05 Forest View IL - Forest View IL,Mike Raess & SonTrucking,801483, 03/07/2014,6407
948506, 03/07/2014,B100-SOY,19 Argo IL - Argo Kinder Morgan IL,Mike Raess & SonTrucking,801483, 03/07/2014,792
634911, 03/07/2014,#2 ULTRA LS DIESEL UNDYED,19 Argo IL - Argo Kinder Morgan IL,Mike Raess & SonTrucking,801484, 03/07/2014,6408
948431, 03/07/2014,B100-SOY,19 Argo IL - Argo Kinder Morgan IL,Mike Raess & SonTrucking,801484, 03/07/2014,792
635371, 03/11/2014,#2 ULTRA LS DIESEL UNDYED,19 Argo IL - Argo Kinder Morgan IL,EXCEL,801722, 03/11/2014,6586
949361, 03/11/2014,B100-SOY,19 Argo IL - Argo Kinder Morgan IL,EXCEL,801722, 03/11/2014,814
635378, 03/11/2014,#2 ULTRA LS DIESEL UNDYED,19 Argo IL - Argo Kinder Morgan IL,EXCEL,801725, 03/11/2014,6586
949373, 03/11/2014,B100-SOY,19 Argo IL - Argo Kinder Morgan IL,EXCEL,801725, 03/11/2014,813
635253, 03/10/2014,#2 ULTRA LS DIESEL UNDYED,19 Argo IL - Argo Kinder Morgan IL,EXCEL,801726, 03/10/2014,6586
949080, 03/10/2014,B100-SOY,19 Argo IL - Argo Kinder Morgan IL,EXCEL,801726, 03/10/2014,813
635245, 03/10/2014,#2 ULTRA LS DIESEL UNDYED,19 Argo IL - Argo Kinder Morgan IL,EXCEL,801727, 03/10/2014,6586
949047, 03/10/2014,B100-SOY,19 Argo IL - Argo Kinder Morgan IL,EXCEL,801727, 03/10/2014,813
949804, 03/13/2014,#2 ULTRA LS DIESEL UNDYED,19 Argo IL - Argo Kinder Morgan IL,EXCEL,801849, 03/13/2014,6584
949790, 03/13/2014,B100-SOY,19 Argo IL - Argo Kinder Morgan IL,EXCEL,801849, 03/13/2014,814
635567, 03/13/2014,#2 ULTRA LS DIESEL UNDYED,19 Argo IL - Argo Kinder Morgan IL,EXCEL,802372, 03/13/2014,6586
949821, 03/13/2014,B100-SOY,19 Argo IL - Argo Kinder Morgan IL,EXCEL,802372, 03/13/2014,813
635573, 03/14/2014,#2 ULTRA LS DIESEL UNDYED,19 Argo IL - Argo Kinder Morgan IL,EXCEL,802373, 03/14/2014,6586
949830, 03/14/2014,B100-SOY,19 Argo IL - Argo Kinder Morgan IL,EXCEL,802373, 03/14/2014,814
950655, 03/17/2014,#2 ULTRA LS DIESEL UNDYED,19 Argo IL - Argo Kinder Morgan IL,EXCEL,802573, 03/17/2014,6598
950645, 03/17/2014,B100-SOY,19 Argo IL - Argo Kinder Morgan IL,EXCEL,802573, 03/17/2014,814
950658, 03/17/2014,#2 ULTRA LS DIESEL UNDYED,19 Argo IL - Argo Kinder Morgan IL,EXCEL,802574, 03/17/2014,6586
950649, 03/17/2014,B100-SOY,19 Argo IL - Argo Kinder Morgan IL,EXCEL,802574, 03/17/2014,814
635649, 03/14/2014,#2 ULTRA LS DIESEL UNDYED,19 Argo IL - Argo Kinder Morgan IL,EXCEL,802781, 03/14/2014,6586
950008, 03/14/2014,B100-SOY,19 Argo IL - Argo Kinder Morgan IL,EXCEL,802781, 03/14/2014,814
147950, 03/14/2014,#2 ULTRA LS DIESEL UNDYED,05 Forest View IL - Forest View IL,EXCEL,802784, 03/14/2014,6586
950076, 03/14/2014,B100-SOY,19 Argo IL - Argo Kinder Morgan IL,EXCEL,802784, 03/14/2014,814
853934, 03/14/2014,RFG NL 10% /E (87 MIN OC,23 Lockport IL - Lockport IL,EXCEL,802787, 03/14/2014,8000
853934, 03/14/2014,RFG PNL W/10%E 93 MIN,23 Lockport IL - Lockport IL,EXCEL,802787, 03/14/2014,503
950896, 03/18/2014,#2 ULTRA LS DIESEL UNDYED,19 Argo IL - Argo Kinder Morgan IL,EXCEL,803010, 03/18/2014,6586
950885, 03/18/2014,B100-SOY,19 Argo IL - Argo Kinder Morgan IL,EXCEL,803010, 03/18/2014,815
950925, 03/18/2014,#2 ULTRA LS DIESEL UNDYED,19 Argo IL - Argo Kinder Morgan IL,EXCEL,803012, 03/18/2014,6584
950925, 03/18/2014,B100-SOY,19 Argo IL - Argo Kinder Morgan IL,EXCEL,803012, 03/18/2014,812
950666, 03/17/2014,B-11 Bio Diesel #2  ULSD,19 Argo IL - Argo Kinder Morgan IL,EXCEL,803285, 03/17/2014,7394
147945, 03/14/2014,#2 ULTRA LS DIESEL UNDYED,05 Forest View IL - Forest View IL,EXCEL,803286, 03/14/2014,6586
950072, 03/14/2014,B100-SOY,19 Argo IL - Argo Kinder Morgan IL,EXCEL,803286, 03/14/2014,814
950924, 03/18/2014,B100-SOY,19 Argo IL - Argo Kinder Morgan IL,EXCEL,803637, 03/18/2014,813
950922, 03/18/2014,B-11 Bio Diesel #2  ULSD,19 Argo IL - Argo Kinder Morgan IL,EXCEL,803637, 03/18/2014,7396
636242, 03/20/2014,#2 ULTRA LS DIESEL UNDYED,19 Argo IL - Argo Kinder Morgan IL,EXCEL,803801, 03/20/2014,6586
951333, 03/20/2014,B100-SOY,19 Argo IL - Argo Kinder Morgan IL,EXCEL,803801, 03/20/2014,813
636344, 03/20/2014,#2 ULTRA LS DIESEL UNDYED,19 Argo IL - Argo Kinder Morgan IL,EXCEL,803802, 03/20/2014,6586
951612, 03/20/2014,B100-SOY,19 Argo IL - Argo Kinder Morgan IL,EXCEL,803802, 03/20/2014,813
636341, 03/20/2014,#2 ULTRA LS DIESEL UNDYED,19 Argo IL - Argo Kinder Morgan IL,EXCEL,803803, 03/20/2014,6586
951591, 03/20/2014,B100-SOY,19 Argo IL - Argo Kinder Morgan IL,EXCEL,803803, 03/20/2014,813
636354, 03/20/2014,#2 ULTRA LS DIESEL UNDYED,19 Argo IL - Argo Kinder Morgan IL,EXCEL,803804, 03/20/2014,1691
636353, 03/20/2014,#2 ULTRA LS DIESEL UNDYED,19 Argo IL - Argo Kinder Morgan IL,EXCEL,803804, 03/20/2014,4895
951627, 03/20/2014,B100-SOY,19 Argo IL - Argo Kinder Morgan IL,EXCEL,803804, 03/20/2014,813
636273, 03/20/2014,#2 ULTRA LS DIESEL UNDYED,19 Argo IL - Argo Kinder Morgan IL,EXCEL,803806, 03/20/2014,6586
951456, 03/20/2014,B100-SOY,19 Argo IL - Argo Kinder Morgan IL,EXCEL,803806, 03/20/2014,813
951838, 03/21/2014,#2 ULTRA LS DIESEL UNDYED,19 Argo IL - Argo Kinder Morgan IL,EXCEL,804026, 03/21/2014,6589
951839, 03/21/2014,B100-SOY,19 Argo IL - Argo Kinder Morgan IL,EXCEL,804026, 03/21/2014,816
636464, 03/21/2014,#2 ULTRA LS DIESEL UNDYED,19 Argo IL - Argo Kinder Morgan IL,EXCEL,804512, 03/21/2014,6586
951805, 03/21/2014,B100-SOY,19 Argo IL - Argo Kinder Morgan IL,EXCEL,804512, 03/21/2014,814
636788, 03/25/2014,#2 ULTRA LS DIESEL UNDYED,19 Argo IL - Argo Kinder Morgan IL,EXCEL,804785, 03/25/2014,6586
952508, 03/25/2014,B100-SOY,19 Argo IL - Argo Kinder Morgan IL,EXCEL,804785, 03/25/2014,814
149318, 03/25/2014,#2 ULTRA LS DIESEL UNDYED,05 Forest View IL - Forest View IL,EXCEL,805033, 03/25/2014,6585
952780, 03/25/2014,B100-SOY,19 Argo IL - Argo Kinder Morgan IL,EXCEL,805033, 03/25/2014,814
149329, 03/25/2014,#2 ULTRA LS DIESEL UNDYED,05 Forest View IL - Forest View IL,EXCEL,805036, 03/25/2014,6584
952795, 03/25/2014,B100-SOY,19 Argo IL - Argo Kinder Morgan IL,EXCEL,805036, 03/25/2014,814
149341, 03/25/2014,#2 ULTRA LS DIESEL UNDYED,05 Forest View IL - Forest View IL,EXCEL,805040, 03/25/2014,6585
952812, 03/25/2014,B100-SOY,19 Argo IL - Argo Kinder Morgan IL,EXCEL,805040, 03/25/2014,813
636851, 03/25/2014,#2 ULTRA LS DIESEL UNDYED,19 Argo IL - Argo Kinder Morgan IL,EXCEL,805047, 03/25/2014,1794
636848, 03/25/2014,#2 ULTRA LS DIESEL UNDYED,19 Argo IL - Argo Kinder Morgan IL,EXCEL,805047, 03/25/2014,4760
952714, 03/25/2014,B100-SOY,19 Argo IL - Argo Kinder Morgan IL,EXCEL,805047, 03/25/2014,814
149599, 03/27/2014,#2 ULTRA LS DIESEL UNDYED,05 Forest View IL - Forest View IL,EXCEL,805244, 03/27/2014,6586
953409, 03/27/2014,B100-SOY,19 Argo IL - Argo Kinder Morgan IL,EXCEL,805244, 03/27/2014,814
149456, 03/26/2014,#2 ULTRA LS DIESEL UNDYED,05 Forest View IL - Forest View IL,EXCEL,805245, 03/26/2014,6584
953122, 03/26/2014,B100-SOY,19 Argo IL - Argo Kinder Morgan IL,EXCEL,805245, 03/26/2014,814
821057, 03/22/2014,#2 ULTRA LS DIESEL UNDYED,Bolingbrook - Bolongbrook,Mike Raess & SonTrucking,805664, 03/22/2014,6586
951955, 03/22/2014,B100-SOY,19 Argo IL - Argo Kinder Morgan IL,Mike Raess & SonTrucking,805664, 03/22/2014,814
149588, 03/27/2014,#2 ULTRA LS DIESEL UNDYED,05 Forest View IL - Forest View IL,EXCEL,805699, 03/27/2014,6585
953392, 03/27/2014,B100-SOY,19 Argo IL - Argo Kinder Morgan IL,EXCEL,805699, 03/27/2014,813
149594, 03/27/2014,#2 ULTRA LS DIESEL UNDYED,05 Forest View IL - Forest View IL,EXCEL,805732, 03/27/2014,6587
953403, 03/27/2014,B100-SOY,19 Argo IL - Argo Kinder Morgan IL,EXCEL,805732, 03/27/2014,813
637529, 03/31/2014,#2 ULTRA LS DIESEL UNDYED,19 Argo IL - Argo Kinder Morgan IL,EXCEL,805860, 03/31/2014,6586
954289, 03/31/2014,B100-SOY,19 Argo IL - Argo Kinder Morgan IL,EXCEL,805860, 03/31/2014,814
637514, 03/31/2014,#2 ULTRA LS DIESEL UNDYED,19 Argo IL - Argo Kinder Morgan IL,EXCEL,805882, 03/31/2014,6586
954235, 03/31/2014,B100-SOY,19 Argo IL - Argo Kinder Morgan IL,EXCEL,805882, 03/31/2014,814
637182, 03/28/2014,#2 ULTRA LS DIESEL UNDYED,19 Argo IL - Argo Kinder Morgan IL,EXCEL,805994, 03/28/2014,6586
953585, 03/28/2014,B100-SOY,19 Argo IL - Argo Kinder Morgan IL,EXCEL,805994, 03/28/2014,814
857209, 03/31/2014,RFG NL 10% /E (87 MIN OC,23 Lockport IL - Lockport IL,EXCEL,805999, 03/31/2014,7700
857209, 03/31/2014,RFG PNL W/10%E 93 MIN,23 Lockport IL - Lockport IL,EXCEL,805999, 03/31/2014,800
637179, 03/28/2014,#2 ULTRA LS DIESEL UNDYED,19 Argo IL - Argo Kinder Morgan IL,EXCEL,806000, 03/28/2014,6585
953600, 03/28/2014,B100-SOY,19 Argo IL - Argo Kinder Morgan IL,EXCEL,806000, 03/28/2014,813
637534, 04/01/2014,#2 ULTRA LS DIESEL UNDYED,19 Argo IL - Argo Kinder Morgan IL,EXCEL,806001, 04/01/2014,6588
954296, 04/01/2014,B100-SOY,19 Argo IL - Argo Kinder Morgan IL,EXCEL,806001, 04/01/2014,813
637643, 04/01/2014,#2 ULTRA LS DIESEL UNDYED,19 Argo IL - Argo Kinder Morgan IL,Mike Raess & SonTrucking,806747, 04/01/2014,6586
954534, 04/01/2014,B100-SOY,19 Argo IL - Argo Kinder Morgan IL,Mike Raess & SonTrucking,806747, 04/01/2014,814
637653, 04/01/2014,#2 ULTRA LS DIESEL UNDYED,19 Argo IL - Argo Kinder Morgan IL,Mike Raess & SonTrucking,806748, 04/01/2014,6586
954582, 04/01/2014,B100-SOY,19 Argo IL - Argo Kinder Morgan IL,Mike Raess & SonTrucking,806748, 04/01/2014,814
637858, 04/03/2014,#2 ULTRA LS DIESEL UNDYED,19 Argo IL - Argo Kinder Morgan IL,Mike Raess & SonTrucking,806749, 04/03/2014,6585
955070, 04/03/2014,B100-SOY,19 Argo IL - Argo Kinder Morgan IL,Mike Raess & SonTrucking,806749, 04/03/2014,815
637854, 04/03/2014,#2 ULTRA LS DIESEL UNDYED,19 Argo IL - Argo Kinder Morgan IL,Mike Raess & SonTrucking,806750, 04/03/2014,6586
955066, 04/03/2014,B100-SOY,19 Argo IL - Argo Kinder Morgan IL,Mike Raess & SonTrucking,806750, 04/03/2014,814
638192, 04/07/2014,#2 ULTRA LS DIESEL UNDYED,19 Argo IL - Argo Kinder Morgan IL,EXCEL,807288, 04/07/2014,6587
955938, 04/07/2014,B100-SOY,19 Argo IL - Argo Kinder Morgan IL,EXCEL,807288, 04/07/2014,815
638039, 04/05/2014,#2 ULTRA LS DIESEL UNDYED,19 Argo IL - Argo Kinder Morgan IL,EXCEL,807528, 04/05/2014,6586
955661, 04/05/2014,B100-SOY,19 Argo IL - Argo Kinder Morgan IL,EXCEL,807528, 04/05/2014,816
956771, 04/09/2014,#2 ULTRA LS DIESEL UNDYED,19 Argo IL - Argo Kinder Morgan IL,EXCEL,808000, 04/09/2014,6585
956768, 04/09/2014,B100-SOY,19 Argo IL - Argo Kinder Morgan IL,EXCEL,808000, 04/09/2014,813
151071, 04/08/2014,#2 ULTRA LS DIESEL UNDYED,05 Forest View IL - Forest View IL,EXCEL,808102, 04/08/2014,6584
956436, 04/08/2014,B100-SOY,19 Argo IL - Argo Kinder Morgan IL,EXCEL,808102, 04/08/2014,814
151433, 04/11/2014,#2 ULTRA LS DIESEL UNDYED,05 Forest View IL - Forest View IL,EXCEL,808504, 04/11/2014,6585
957438, 04/11/2014,B100-SOY,19 Argo IL - Argo Kinder Morgan IL,EXCEL,808504, 04/11/2014,814
638979, 04/14/2014,#2 ULTRA LS DIESEL UNDYED,19 Argo IL - Argo Kinder Morgan IL,EXCEL,808934, 04/14/2014,6586
957925, 04/14/2014,B100-SOY,19 Argo IL - Argo Kinder Morgan IL,EXCEL,808934, 04/14/2014,813
957346, 04/11/2014,#2 ULTRA LS DIESEL UNDYED,19 Argo IL - Argo Kinder Morgan IL,EXCEL,809074, 04/11/2014,6586
957355, 04/11/2014,B100-SOY,19 Argo IL - Argo Kinder Morgan IL,EXCEL,809074, 04/11/2014,814
151517, 04/12/2014,#2 ULTRA LS DIESEL UNDYED,05 Forest View IL - Forest View IL,EXCEL,809075, 04/12/2014,6585
957569, 04/12/2014,B100-SOY,19 Argo IL - Argo Kinder Morgan IL,EXCEL,809075, 04/12/2014,813
151605, 04/13/2014,#2 ULTRA LS DIESEL UNDYED,05 Forest View IL - Forest View IL,EXCEL,809077, 04/13/2014,6585
957698, 04/13/2014,B100-SOY,19 Argo IL - Argo Kinder Morgan IL,EXCEL,809077, 04/13/2014,814
151582, 04/13/2014,#2 ULTRA LS DIESEL UNDYED,05 Forest View IL - Forest View IL,EXCEL,809079, 04/13/2014,6586
957679, 04/13/2014,B100-SOY,19 Argo IL - Argo Kinder Morgan IL,EXCEL,809079, 04/13/2014,815
151769, 04/14/2014,#2 ULTRA LS DIESEL UNDYED,05 Forest View IL - Forest View IL,EXCEL,809529, 04/14/2014,6585
957982, 04/14/2014,B100-SOY,19 Argo IL - Argo Kinder Morgan IL,EXCEL,809529, 04/14/2014,813
151994, 04/16/2014,#2 ULTRA LS DIESEL UNDYED,05 Forest View IL - Forest View IL,EXCEL,809549, 04/16/2014,6584
958556, 04/16/2014,B100-SOY,19 Argo IL - Argo Kinder Morgan IL,EXCEL,809549, 04/16/2014,814
141737, 04/17/2014,RFG NL 10% /E (87 MIN OC,01 Blue Island IL - Blue Island IL,EXCEL,809719, 04/17/2014,7000
141737, 04/17/2014,RFG PNL W/10%E 93 MIN,01 Blue Island IL - Blue Island IL,EXCEL,809719, 04/17/2014,1500
639778, 04/21/2014,#2 ULTRA LS DIESEL UNDYED,19 Argo IL - Argo Kinder Morgan IL,EXCEL,810787, 04/21/2014,6586
959676, 04/21/2014,B100-SOY,19 Argo IL - Argo Kinder Morgan IL,EXCEL,810787, 04/21/2014,785
639776, 04/21/2014,#2 ULTRA LS DIESEL UNDYED,19 Argo IL - Argo Kinder Morgan IL,EXCEL,810788, 04/21/2014,6587
959672, 04/21/2014,B100-SOY,19 Argo IL - Argo Kinder Morgan IL,EXCEL,810788, 04/21/2014,784
639783, 04/21/2014,#2 ULTRA LS DIESEL UNDYED,19 Argo IL - Argo Kinder Morgan IL,EXCEL,810791, 04/21/2014,6600
959671, 04/21/2014,B100-SOY,19 Argo IL - Argo Kinder Morgan IL,EXCEL,810791, 04/21/2014,786
639777, 04/21/2014,#2 ULTRA LS DIESEL UNDYED,19 Argo IL - Argo Kinder Morgan IL,EXCEL,811044, 04/21/2014,6586
959655, 04/21/2014,B100-SOY,19 Argo IL - Argo Kinder Morgan IL,EXCEL,811044, 04/21/2014,789
639623, 04/19/2014,#2 ULTRA LS DIESEL UNDYED,19 Argo IL - Argo Kinder Morgan IL,EXCEL,811045, 04/19/2014,6586
959319, 04/19/2014,B100-SOY,19 Argo IL - Argo Kinder Morgan IL,EXCEL,811045, 04/19/2014,813
640021, 04/23/2014,#2 ULTRA LS DIESEL UNDYED,19 Argo IL - Argo Kinder Morgan IL,EXCEL,811066, 04/23/2014,6586
960348, 04/23/2014,B100-SOY,19 Argo IL - Argo Kinder Morgan IL,EXCEL,811066, 04/23/2014,814
640028, 04/24/2014,#2 ULTRA LS DIESEL UNDYED,19 Argo IL - Argo Kinder Morgan IL,EXCEL,811068, 04/24/2014,6586
960391, 04/24/2014,B100-SOY,19 Argo IL - Argo Kinder Morgan IL,EXCEL,811068, 04/24/2014,814
640025, 04/23/2014,#2 ULTRA LS DIESEL UNDYED,19 Argo IL - Argo Kinder Morgan IL,EXCEL,811069, 04/23/2014,6586
960384, 04/23/2014,B100-SOY,19 Argo IL - Argo Kinder Morgan IL,EXCEL,811069, 04/23/2014,814
640103, 04/24/2014,#2 ULTRA LS DIESEL UNDYED,19 Argo IL - Argo Kinder Morgan IL,EXCEL,811328, 04/24/2014,6586
960597, 04/24/2014,B100-SOY,19 Argo IL - Argo Kinder Morgan IL,EXCEL,811328, 04/24/2014,791
153065, 04/24/2014,#2 ULTRA LS DIESEL UNDYED,05 Forest View IL - Forest View IL,EXCEL,811329, 04/24/2014,6584
960706, 04/24/2014,B100-SOY,19 Argo IL - Argo Kinder Morgan IL,EXCEL,811329, 04/24/2014,815
153053, 04/24/2014,#2 ULTRA LS DIESEL UNDYED,05 Forest View IL - Forest View IL,EXCEL,811330, 04/24/2014,6584
960677, 04/24/2014,B100-SOY,19 Argo IL - Argo Kinder Morgan IL,EXCEL,811330, 04/24/2014,815
640533, 04/28/2014,#2 ULTRA LS DIESEL UNDYED,19 Argo IL - Argo Kinder Morgan IL,EXCEL,811792, 04/28/2014,6586
961568, 04/28/2014,B100-SOY,19 Argo IL - Argo Kinder Morgan IL,EXCEL,811792, 04/28/2014,814
640537, 04/28/2014,#2 ULTRA LS DIESEL UNDYED,19 Argo IL - Argo Kinder Morgan IL,EXCEL,811796, 04/28/2014,6591
961574, 04/28/2014,B100-SOY,19 Argo IL - Argo Kinder Morgan IL,EXCEL,811796, 04/28/2014,814
863073, 04/28/2014,RFG NL 10% /E (87 MIN OC,23 Lockport IL - Lockport IL,EXCEL,812232, 04/28/2014,8000
863073, 04/28/2014,RFG PNL W/10%E 93 MIN,23 Lockport IL - Lockport IL,EXCEL,812232, 04/28/2014,501
640772, 04/30/2014,#2 ULTRA LS DIESEL UNDYED,19 Argo IL - Argo Kinder Morgan IL,EXCEL,812831, 04/30/2014,6586
962277, 04/30/2014,B100-SOY,19 Argo IL - Argo Kinder Morgan IL,EXCEL,812831, 04/30/2014,813
640767, 04/30/2014,#2 ULTRA LS DIESEL UNDYED,19 Argo IL - Argo Kinder Morgan IL,EXCEL,812832, 04/30/2014,6586
962263, 04/30/2014,B100-SOY,19 Argo IL - Argo Kinder Morgan IL,EXCEL,812832, 04/30/2014,815
640758, 04/30/2014,#2 ULTRA LS DIESEL UNDYED,19 Argo IL - Argo Kinder Morgan IL,EXCEL,812833, 04/30/2014,6586
962233, 04/30/2014,B100-SOY,19 Argo IL - Argo Kinder Morgan IL,EXCEL,812833, 04/30/2014,815
640909, 05/01/2014,#2 ULTRA LS DIESEL UNDYED,19 Argo IL - Argo Kinder Morgan IL,EXCEL,813412, 05/01/2014,6586
962522, 05/01/2014,B100-SOY,19 Argo IL - Argo Kinder Morgan IL,EXCEL,813412, 05/01/2014,799
640918, 05/01/2014,#2 ULTRA LS DIESEL UNDYED,19 Argo IL - Argo Kinder Morgan IL,EXCEL,813413, 05/01/2014,6586
962542, 05/01/2014,B100-SOY,19 Argo IL - Argo Kinder Morgan IL,EXCEL,813413, 05/01/2014,795
641097, 05/02/2014,#2 ULTRA LS DIESEL UNDYED,19 Argo IL - Argo Kinder Morgan IL,EXCEL,813686, 05/02/2014,6586
962832, 05/02/2014,B100-SOY,19 Argo IL - Argo Kinder Morgan IL,EXCEL,813686, 05/02/2014,790
641088, 05/02/2014,#2 ULTRA LS DIESEL UNDYED,19 Argo IL - Argo Kinder Morgan IL,EXCEL,813687, 05/02/2014,6586
962819, 05/02/2014,B100-SOY,19 Argo IL - Argo Kinder Morgan IL,EXCEL,813687, 05/02/2014,799
641089, 05/02/2014,#2 ULTRA LS DIESEL UNDYED,19 Argo IL - Argo Kinder Morgan IL,EXCEL,813688, 05/02/2014,6586
962822, 05/02/2014,B100-SOY,19 Argo IL - Argo Kinder Morgan IL,EXCEL,813688, 05/02/2014,792
641110, 05/02/2014,#2 ULTRA LS DIESEL UNDYED,19 Argo IL - Argo Kinder Morgan IL,EXCEL,813689, 05/02/2014,6583
962844, 05/02/2014,B100-SOY,19 Argo IL - Argo Kinder Morgan IL,EXCEL,813689, 05/02/2014,793
827747, 04/26/2014,#2 ULTRA LS DIESEL UNDYED,Bolingbrook - Bolongbrook,Mike Raess & SonTrucking,814062, 04/26/2014,6586
961039, 04/26/2014,B100-SOY,19 Argo IL - Argo Kinder Morgan IL,EXCEL,814062, 04/26/2014,814
641471, 05/06/2014,#2 ULTRA LS DIESEL UNDYED,19 Argo IL - Argo Kinder Morgan IL,EXCEL,814311, 05/06/2014,6586
963762, 05/06/2014,B100-SOY,19 Argo IL - Argo Kinder Morgan IL,EXCEL,814311, 05/06/2014,793
641367, 05/05/2014,#2 ULTRA LS DIESEL UNDYED,19 Argo IL - Argo Kinder Morgan IL,EXCEL,814312, 05/05/2014,6586
963459, 05/05/2014,B100-SOY,19 Argo IL - Argo Kinder Morgan IL,EXCEL,814312, 05/05/2014,792
641361, 05/05/2014,#2 ULTRA LS DIESEL UNDYED,19 Argo IL - Argo Kinder Morgan IL,EXCEL,814314, 05/05/2014,6586
963429, 05/05/2014,B100-SOY,19 Argo IL - Argo Kinder Morgan IL,EXCEL,814314, 05/05/2014,797
154698, 05/07/2014,#2 ULTRA LS DIESEL UNDYED,05 Forest View IL - Forest View IL,EXCEL,814615, 05/07/2014,6584
964156, 05/07/2014,B100-SOY,19 Argo IL - Argo Kinder Morgan IL,EXCEL,814615, 05/07/2014,798
641578, 05/07/2014,#2 ULTRA LS DIESEL UNDYED,19 Argo IL - Argo Kinder Morgan IL,EXCEL,814617, 05/07/2014,6586
964062, 05/07/2014,B100-SOY,19 Argo IL - Argo Kinder Morgan IL,EXCEL,814617, 05/07/2014,794
641556, 05/07/2014,#2 ULTRA LS DIESEL UNDYED,19 Argo IL - Argo Kinder Morgan IL,EXCEL,814618, 05/07/2014,6587
964030, 05/07/2014,B100-SOY,19 Argo IL - Argo Kinder Morgan IL,EXCEL,814618, 05/07/2014,793
641564, 05/07/2014,#2 ULTRA LS DIESEL UNDYED,19 Argo IL - Argo Kinder Morgan IL,EXCEL,814619, 05/07/2014,6586
964044, 05/07/2014,B100-SOY,19 Argo IL - Argo Kinder Morgan IL,EXCEL,814619, 05/07/2014,796
154690, 05/07/2014,#2 ULTRA LS DIESEL UNDYED,05 Forest View IL - Forest View IL,EXCEL,814620, 05/07/2014,6586
964135, 05/07/2014,B100-SOY,19 Argo IL - Argo Kinder Morgan IL,EXCEL,814620, 05/07/2014,793
642177, 05/13/2014,#2 ULTRA LS DIESEL UNDYED,19 Argo IL - Argo Kinder Morgan IL,EXCEL,815978, 05/13/2014,6586
965550, 05/13/2014,B100-SOY,19 Argo IL - Argo Kinder Morgan IL,EXCEL,815978, 05/13/2014,791
155420, 05/13/2014,#2 ULTRA LS DIESEL UNDYED,05 Forest View IL - Forest View IL,EXCEL,815979, 05/13/2014,6585
965631, 05/13/2014,B100-SOY,19 Argo IL - Argo Kinder Morgan IL,EXCEL,815979, 05/13/2014,798
155421, 05/13/2014,#2 ULTRA LS DIESEL UNDYED,05 Forest View IL - Forest View IL,EXCEL,815982, 05/13/2014,6586
965636, 05/13/2014,B100-SOY,19 Argo IL - Argo Kinder Morgan IL,EXCEL,815982, 05/13/2014,796
155528, 05/14/2014,#2 ULTRA LS DIESEL UNDYED,05 Forest View IL - Forest View IL,EXCEL,816241, 05/14/2014,6584
965904, 05/14/2014,B100-SOY,19 Argo IL - Argo Kinder Morgan IL,EXCEL,816241, 05/14/2014,804
866325, 05/14/2014,RFG NL 10% /E (87 MIN OC,23 Lockport IL - Lockport IL,EXCEL,816242, 05/14/2014,7601
866325, 05/14/2014,RFG PNL W/10%E 93 MIN,23 Lockport IL - Lockport IL,EXCEL,816242, 05/14/2014,1000
155548, 05/14/2014,#2 ULTRA LS DIESEL UNDYED,05 Forest View IL - Forest View IL,EXCEL,816243, 05/14/2014,6584
965933, 05/14/2014,B100-SOY,19 Argo IL - Argo Kinder Morgan IL,EXCEL,816243, 05/14/2014,800
155536, 05/14/2014,#2 ULTRA LS DIESEL UNDYED,05 Forest View IL - Forest View IL,EXCEL,816244, 05/14/2014,6586
965912, 05/14/2014,B100-SOY,19 Argo IL - Argo Kinder Morgan IL,EXCEL,816244, 05/14/2014,803
156416, 05/21/2014,#2 ULTRA LS DIESEL UNDYED,05 Forest View IL - Forest View IL,EXCEL,817635, 05/21/2014,6584
967638, 05/21/2014,B100-SOY,19 Argo IL - Argo Kinder Morgan IL,EXCEL,817635, 05/21/2014,791
642842, 05/19/2014,#2 ULTRA LS DIESEL UNDYED,19 Argo IL - Argo Kinder Morgan IL,EXCEL,818048, 05/19/2014,6586
967028, 05/19/2014,B100-SOY,19 Argo IL - Argo Kinder Morgan IL,EXCEL,818048, 05/19/2014,799
642844, 05/19/2014,#2 ULTRA LS DIESEL UNDYED,19 Argo IL - Argo Kinder Morgan IL,EXCEL,818049, 05/19/2014,6586
967031, 05/19/2014,B100-SOY,19 Argo IL - Argo Kinder Morgan IL,EXCEL,818049, 05/19/2014,794
967583, 05/21/2014,#2 ULTRA LS DIESEL UNDYED,19 Argo IL - Argo Kinder Morgan IL,EXCEL,818050, 05/21/2014,6586
967565, 05/21/2014,B100-SOY,19 Argo IL - Argo Kinder Morgan IL,EXCEL,818050, 05/21/2014,814
832940, 05/21/2014,B-11 Bio Diesel #2  ULSD,19 Argo IL - Argo Kinder Morgan IL,EXCEL,818052, 05/21/2014,7400
833652, 05/24/2014,#2 ULTRA LS DIESEL UNDYED,Bolingbrook - Bolongbrook,Mike Raess & SonTrucking,819036, 05/24/2014,6586
968305, 05/24/2014,B100-SOY,19 Argo IL - Argo Kinder Morgan IL,Mike Raess & SonTrucking,819036, 05/24/2014,809
868309, 05/23/2014,RFG NL 10% /E (87 MIN OC,23 Lockport IL - Lockport IL,EXCEL,819294, 05/23/2014,7000
868309, 05/23/2014,RFG PNL W/10%E 93 MIN,23 Lockport IL - Lockport IL,EXCEL,819294, 05/23/2014,1501
643477, 05/27/2014,#2 ULTRA LS DIESEL UNDYED,19 Argo IL - Argo Kinder Morgan IL,EXCEL,819295, 05/27/2014,6586
968857, 05/27/2014,B100-SOY,19 Argo IL - Argo Kinder Morgan IL,EXCEL,819295, 05/27/2014,795
643900, 05/31/2014,#2 ULTRA LS DIESEL UNDYED,19 Argo IL - Argo Kinder Morgan IL,EXCEL,820533, 05/31/2014,6291
969767, 05/31/2014,B100-SOY,19 Argo IL - Argo Kinder Morgan IL,EXCEL,820533, 05/31/2014,1092
643934, 05/31/2014,#2 ULTRA LS DIESEL UNDYED,19 Argo IL - Argo Kinder Morgan IL,EXCEL,820536, 05/31/2014,6290
969813, 05/31/2014,B100-SOY,19 Argo IL - Argo Kinder Morgan IL,EXCEL,820536, 05/31/2014,1088
643849, 05/30/2014,#2 ULTRA LS DIESEL UNDYED,19 Argo IL - Argo Kinder Morgan IL,EXCEL,820538, 05/30/2014,6333
969684, 05/30/2014,B100-SOY,19 Argo IL - Argo Kinder Morgan IL,EXCEL,820538, 05/30/2014,1096
644063, 06/02/2014,#2 ULTRA LS DIESEL UNDYED,19 Argo IL - Argo Kinder Morgan IL,EXCEL,820540, 06/02/2014,6400
969984, 06/02/2014,B100-SOY,19 Argo IL - Argo Kinder Morgan IL,EXCEL,820540, 06/02/2014,1092
870264, 06/02/2014,RFG NL 10% /E (87 MIN OC,23 Lockport IL - Lockport IL,EXCEL,820541, 06/02/2014,8000
870264, 06/02/2014,RFG PNL W/10%E 93 MIN,23 Lockport IL - Lockport IL,EXCEL,820541, 06/02/2014,501
644083, 06/02/2014,#2 ULTRA LS DIESEL UNDYED,19 Argo IL - Argo Kinder Morgan IL,EXCEL,820542, 06/02/2014,6300
970063, 06/02/2014,B100-SOY,19 Argo IL - Argo Kinder Morgan IL,EXCEL,820542, 06/02/2014,1116
644255, 06/03/2014,#2 ULTRA LS DIESEL UNDYED,19 Argo IL - Argo Kinder Morgan IL,EXCEL,821242, 06/03/2014,6291
970487, 06/03/2014,B100-SOY,19 Argo IL - Argo Kinder Morgan IL,EXCEL,821242, 06/03/2014,1092
158213, 06/05/2014,#2 ULTRA LS DIESEL UNDYED,05 Forest View IL - Forest View IL,EXCEL,821704, 06/05/2014,6286
970975, 06/05/2014,B100-SOY,19 Argo IL - Argo Kinder Morgan IL,EXCEL,821704, 06/05/2014,1074
158214, 06/05/2014,#2 ULTRA LS DIESEL UNDYED,05 Forest View IL - Forest View IL,EXCEL,821705, 06/05/2014,6290
970976, 06/05/2014,B100-SOY,19 Argo IL - Argo Kinder Morgan IL,EXCEL,821705, 06/05/2014,1078
644469, 06/05/2014,#2 ULTRA LS DIESEL UNDYED,19 Argo IL - Argo Kinder Morgan IL,EXCEL,821706, 06/05/2014,6290
970903, 06/05/2014,B100-SOY,19 Argo IL - Argo Kinder Morgan IL,EXCEL,821706, 06/05/2014,1073
644472, 06/05/2014,#2 ULTRA LS DIESEL UNDYED,10 Mt Prospect IL - Mt. Prospect IL,EXCEL,821944, 06/05/2014,6315
970907, 06/05/2014,B100-SOY,19 Argo IL - Argo Kinder Morgan IL,EXCEL,821944, 06/05/2014,1076
158210, 06/05/2014,#2 ULTRA LS DIESEL UNDYED,05 Forest View IL - Forest View IL,EXCEL,822304, 06/05/2014,6288
970972, 06/05/2014,B100-SOY,19 Argo IL - Argo Kinder Morgan IL,EXCEL,822304, 06/05/2014,1080
644750, 06/08/2014,#2 ULTRA LS DIESEL UNDYED,19 Argo IL - Argo Kinder Morgan IL,EXCEL,822305, 06/08/2014,6290
971476, 06/08/2014,B100-SOY,19 Argo IL - Argo Kinder Morgan IL,EXCEL,822305, 06/08/2014,1095
158700, 06/09/2014,#2 ULTRA LS DIESEL UNDYED,05 Forest View IL - Forest View IL,EXCEL,822306, 06/09/2014,6288
971743, 06/09/2014,B100-SOY,19 Argo IL - Argo Kinder Morgan IL,EXCEL,822306, 06/09/2014,1098
158713, 06/09/2014,#2 ULTRA LS DIESEL UNDYED,05 Forest View IL - Forest View IL,EXCEL,822308, 06/09/2014,6288
971766, 06/09/2014,B100-SOY,19 Argo IL - Argo Kinder Morgan IL,EXCEL,822308, 06/09/2014,1099
158711, 06/09/2014,#2 ULTRA LS DIESEL UNDYED,05 Forest View IL - Forest View IL,EXCEL,822311, 06/09/2014,6288
971782, 06/09/2014,B100-SOY,19 Argo IL - Argo Kinder Morgan IL,EXCEL,822311, 06/09/2014,1095
972346, 06/11/2014,#2 ULTRA LS DIESEL UNDYED,19 Argo IL - Argo Kinder Morgan IL,EXCEL,822421, 06/11/2014,6290
972349, 06/11/2014,B100-SOY,19 Argo IL - Argo Kinder Morgan IL,EXCEL,822421, 06/11/2014,1095
158979, 06/11/2014,#2 ULTRA LS DIESEL UNDYED,05 Forest View IL - Forest View IL,EXCEL,822787, 06/11/2014,6291
972367, 06/11/2014,B100-SOY,19 Argo IL - Argo Kinder Morgan IL,EXCEL,822787, 06/11/2014,1094
158725, 06/10/2014,#2 ULTRA LS DIESEL UNDYED,05 Forest View IL - Forest View IL,EXCEL,822788, 06/10/2014,6290
971799, 06/10/2014,B100-SOY,19 Argo IL - Argo Kinder Morgan IL,EXCEL,822788, 06/10/2014,1096
158975, 06/11/2014,#2 ULTRA LS DIESEL UNDYED,05 Forest View IL - Forest View IL,EXCEL,822790, 06/11/2014,6288
972370, 06/11/2014,B100-SOY,19 Argo IL - Argo Kinder Morgan IL,EXCEL,822790, 06/11/2014,1089
158977, 06/11/2014,#2 ULTRA LS DIESEL UNDYED,05 Forest View IL - Forest View IL,EXCEL,822791, 06/11/2014,6288
972376, 06/11/2014,B100-SOY,19 Argo IL - Argo Kinder Morgan IL,EXCEL,822791, 06/11/2014,1089
159128, 06/12/2014,#2 ULTRA LS DIESEL UNDYED,05 Forest View IL - Forest View IL,EXCEL,822792, 06/12/2014,6290
972646, 06/12/2014,B100-SOY,19 Argo IL - Argo Kinder Morgan IL,EXCEL,822792, 06/12/2014,1092
972604, 06/12/2014,#2 ULTRA LS DIESEL UNDYED,19 Argo IL - Argo Kinder Morgan IL,EXCEL,822793, 06/12/2014,1953
972601, 06/12/2014,#2 ULTRA LS DIESEL UNDYED,19 Argo IL - Argo Kinder Morgan IL,EXCEL,822793, 06/12/2014,4336
972583, 06/12/2014,B100-SOY,19 Argo IL - Argo Kinder Morgan IL,EXCEL,822793, 06/12/2014,1090
973746, 06/17/2014,#2 ULTRA LS DIESEL UNDYED,19 Argo IL - Argo Kinder Morgan IL,EXCEL,823870, 06/17/2014,6289
973751, 06/17/2014,B100-SOY,19 Argo IL - Argo Kinder Morgan IL,EXCEL,823870, 06/17/2014,1109
159751, 06/17/2014,#2 ULTRA LS DIESEL UNDYED,05 Forest View IL - Forest View IL,EXCEL,823874, 06/17/2014,6289
973835, 06/17/2014,B100-SOY,19 Argo IL - Argo Kinder Morgan IL,EXCEL,823874, 06/17/2014,1110
645344, 06/14/2014,#2 ULTRA LS DIESEL UNDYED,19 Argo IL - Argo Kinder Morgan IL,EXCEL,823949, 06/14/2014,6290
973044, 06/14/2014,B100-SOY,19 Argo IL - Argo Kinder Morgan IL,EXCEL,823949, 06/14/2014,1111
645333, 06/14/2014,#2 ULTRA LS DIESEL UNDYED,19 Argo IL - Argo Kinder Morgan IL,EXCEL,823950, 06/14/2014,6290
973019, 06/14/2014,B100-SOY,19 Argo IL - Argo Kinder Morgan IL,EXCEL,823950, 06/14/2014,1111
873064, 06/15/2014,RFG NL 10% /E (87 MIN OC,23 Lockport IL - Lockport IL,EXCEL,823951, 06/15/2014,6500
873064, 06/15/2014,RFG PNL W/10%E 93 MIN,23 Lockport IL - Lockport IL,EXCEL,823951, 06/15/2014,2000
645433, 06/15/2014,#2 ULTRA LS DIESEL UNDYED,19 Argo IL - Argo Kinder Morgan IL,EXCEL,823952, 06/15/2014,6290
973159, 06/15/2014,B100-SOY,19 Argo IL - Argo Kinder Morgan IL,EXCEL,823952, 06/15/2014,1110
645477, 06/15/2014,#2 ULTRA LS DIESEL UNDYED,19 Argo IL - Argo Kinder Morgan IL,EXCEL,823953, 06/15/2014,6290
973229, 06/15/2014,B100-SOY,19 Argo IL - Argo Kinder Morgan IL,EXCEL,823953, 06/15/2014,1113
159626, 06/16/2014,#2 ULTRA LS DIESEL UNDYED,05 Forest View IL - Forest View IL,EXCEL,823954, 06/16/2014,6289
973527, 06/16/2014,B100-SOY,19 Argo IL - Argo Kinder Morgan IL,EXCEL,823954, 06/16/2014,1109
159756, 06/17/2014,#2 ULTRA LS DIESEL UNDYED,05 Forest View IL - Forest View IL,EXCEL,824345, 06/17/2014,6285
973830, 06/17/2014,B100-SOY,19 Argo IL - Argo Kinder Morgan IL,EXCEL,824345, 06/17/2014,1110
974297, 06/19/2014,#2 ULTRA LS DIESEL UNDYED,19 Argo IL - Argo Kinder Morgan IL,EXCEL,824503, 06/19/2014,6292
974303, 06/19/2014,B100-SOY,19 Argo IL - Argo Kinder Morgan IL,EXCEL,824503, 06/19/2014,1108
974299, 06/19/2014,#2 ULTRA LS DIESEL UNDYED,19 Argo IL - Argo Kinder Morgan IL,EXCEL,824507, 06/19/2014,6288
974289, 06/19/2014,B100-SOY,19 Argo IL - Argo Kinder Morgan IL,EXCEL,824507, 06/19/2014,1110
159881, 06/18/2014,#2 ULTRA LS DIESEL UNDYED,05 Forest View IL - Forest View IL,EXCEL,824626, 06/18/2014,6288
974063, 06/18/2014,B100-SOY,19 Argo IL - Argo Kinder Morgan IL,EXCEL,824626, 06/18/2014,1109
973818, 06/17/2014,#2 ULTRA LS DIESEL UNDYED,19 Argo IL - Argo Kinder Morgan IL,EXCEL,824630, 06/17/2014,6290
973807, 06/17/2014,B100-SOY,19 Argo IL - Argo Kinder Morgan IL,EXCEL,824630, 06/17/2014,1110
974623, 06/20/2014,#2 ULTRA LS DIESEL UNDYED,19 Argo IL - Argo Kinder Morgan IL,EXCEL,824875, 06/20/2014,6286
974625, 06/20/2014,B100-SOY,19 Argo IL - Argo Kinder Morgan IL,EXCEL,824875, 06/20/2014,1110
160028, 06/19/2014,#2 ULTRA LS DIESEL UNDYED,05 Forest View IL - Forest View IL,EXCEL,825171, 06/19/2014,4325
160029, 06/19/2014,#2 ULTRA LS DIESEL UNDYED,05 Forest View IL - Forest View IL,EXCEL,825171, 06/19/2014,1965
974387, 06/19/2014,B100-SOY,19 Argo IL - Argo Kinder Morgan IL,EXCEL,825171, 06/19/2014,1110
160022, 06/19/2014,#2 ULTRA LS DIESEL UNDYED,05 Forest View IL - Forest View IL,EXCEL,825172, 06/19/2014,6291
974366, 06/19/2014,B100-SOY,19 Argo IL - Argo Kinder Morgan IL,EXCEL,825172, 06/19/2014,1111
160027, 06/19/2014,#2 ULTRA LS DIESEL UNDYED,05 Forest View IL - Forest View IL,EXCEL,825518, 06/19/2014,6286
974402, 06/19/2014,B100-SOY,19 Argo IL - Argo Kinder Morgan IL,EXCEL,825518, 06/19/2014,1110
839142, 06/24/2014,#2 ULTRA LS DIESEL UNDYED,Bolingbrook - Bolongbrook,EXCEL,825675, 06/24/2014,6290
974756, 06/21/2014,B100-SOY,19 Argo IL - Argo Kinder Morgan IL,EXCEL,825675, 06/24/2014,1110
874742, 06/23/2014,RFG NL 10% /E (87 MIN OC,23 Lockport IL - Lockport IL,EXCEL,825863, 06/23/2014,8551
646374, 06/24/2014,#2 ULTRA LS DIESEL UNDYED,19 Argo IL - Argo Kinder Morgan IL,EXCEL,826447, 06/24/2014,6290
975385, 06/24/2014,B100-SOY,19 Argo IL - Argo Kinder Morgan IL,EXCEL,826447, 06/24/2014,1069
646973, 06/29/2014,#2 ULTRA LS DIESEL UNDYED,19 Argo IL - Argo Kinder Morgan IL,EXCEL,827411, 06/29/2014,6370
976666, 06/29/2014,B100-SOY,19 Argo IL - Argo Kinder Morgan IL,EXCEL,827411, 06/29/2014,1090
647262, 07/02/2014,#2 ULTRA LS DIESEL UNDYED,19 Argo IL - Argo Kinder Morgan IL,EXCEL,827743, 07/02/2014,6291
977278, 07/02/2014,B100-SOY,19 Argo IL - Argo Kinder Morgan IL,EXCEL,827743, 07/02/2014,1111
647235, 07/01/2014,#2 ULTRA LS DIESEL UNDYED,19 Argo IL - Argo Kinder Morgan IL,EXCEL,827745, 07/01/2014,6290
977210, 07/01/2014,B100-SOY,19 Argo IL - Argo Kinder Morgan IL,EXCEL,827745, 07/01/2014,1088
647328, 07/02/2014,#2 ULTRA LS DIESEL UNDYED,19 Argo IL - Argo Kinder Morgan IL,EXCEL,828035, 07/02/2014,6290
977396, 07/02/2014,B100-SOY,19 Argo IL - Argo Kinder Morgan IL,EXCEL,828035, 07/02/2014,1109
162092, 07/06/2014,RFG NL 10% /E (87 MIN OC,05 Forest View IL - Forest View IL,EXCEL,828252, 07/06/2014,7498
162092, 07/06/2014,RFG PNL W/10%E 93 MIN,05 Forest View IL - Forest View IL,EXCEL,828252, 07/06/2014,1000
647528, 07/03/2014,#2 ULTRA LS DIESEL UNDYED,19 Argo IL - Argo Kinder Morgan IL,EXCEL,828966, 07/03/2014,6290
977767, 07/03/2014,B100-SOY,19 Argo IL - Argo Kinder Morgan IL,EXCEL,828966, 07/03/2014,1109
647524, 07/03/2014,#2 ULTRA LS DIESEL UNDYED,19 Argo IL - Argo Kinder Morgan IL,EXCEL,828973, 07/03/2014,4602
647526, 07/03/2014,#2 ULTRA LS DIESEL UNDYED,19 Argo IL - Argo Kinder Morgan IL,EXCEL,828973, 07/03/2014,1688
977764, 07/03/2014,B100-SOY,19 Argo IL - Argo Kinder Morgan IL,EXCEL,828973, 07/03/2014,1109
647517, 07/03/2014,#2 ULTRA LS DIESEL UNDYED,19 Argo IL - Argo Kinder Morgan IL,EXCEL,828976, 07/03/2014,6292
977751, 07/03/2014,B100-SOY,19 Argo IL - Argo Kinder Morgan IL,EXCEL,828976, 07/03/2014,1109
647508, 07/03/2014,#2 ULTRA LS DIESEL UNDYED,19 Argo IL - Argo Kinder Morgan IL,EXCEL,828978, 07/03/2014,6291
977738, 07/03/2014,B100-SOY,19 Argo IL - Argo Kinder Morgan IL,EXCEL,828978, 07/03/2014,1109
647658, 07/05/2014,#2 ULTRA LS DIESEL UNDYED,19 Argo IL - Argo Kinder Morgan IL,EXCEL,828980, 07/05/2014,6290
977939, 07/05/2014,B100-SOY,19 Argo IL - Argo Kinder Morgan IL,EXCEL,828980, 07/05/2014,1110
978854, 07/09/2014,#2 ULTRA LS DIESEL UNDYED,19 Argo IL - Argo Kinder Morgan IL,EXCEL,829447, 07/09/2014,6286
978848, 07/09/2014,B100-SOY,19 Argo IL - Argo Kinder Morgan IL,EXCEL,829447, 07/09/2014,1109
978877, 07/10/2014,#2 ULTRA LS DIESEL UNDYED,19 Argo IL - Argo Kinder Morgan IL,EXCEL,829464, 07/10/2014,6286
978871, 07/10/2014,B100-SOY,19 Argo IL - Argo Kinder Morgan IL,EXCEL,829464, 07/10/2014,1109
647959, 07/08/2014,#2 ULTRA LS DIESEL UNDYED,19 Argo IL - Argo Kinder Morgan IL,EXCEL,829602, 07/08/2014,731
647958, 07/08/2014,#2 ULTRA LS DIESEL UNDYED,19 Argo IL - Argo Kinder Morgan IL,EXCEL,829602, 07/08/2014,5559
978580, 07/08/2014,B100-SOY,19 Argo IL - Argo Kinder Morgan IL,EXCEL,829602, 07/08/2014,1089
979023, 07/10/2014,#2 ULTRA LS DIESEL UNDYED,19 Argo IL - Argo Kinder Morgan IL,EXCEL,829724, 07/10/2014,6286
979026, 07/10/2014,B100-SOY,19 Argo IL - Argo Kinder Morgan IL,EXCEL,829724, 07/10/2014,1109
162634, 07/10/2014,#2 ULTRA LS DIESEL UNDYED,05 Forest View IL - Forest View IL,Mike Raess & SonTrucking,830449, 07/10/2014,3698
162633, 07/10/2014,#2 ULTRA LS DIESEL UNDYED,05 Forest View IL - Forest View IL,Mike Raess & SonTrucking,830449, 07/10/2014,2592
979080, 07/10/2014,B100-SOY,19 Argo IL - Argo Kinder Morgan IL,Mike Raess & SonTrucking,830449, 07/10/2014,1109
162648, 07/10/2014,#2 ULTRA LS DIESEL UNDYED,05 Forest View IL - Forest View IL,Mike Raess & SonTrucking,830453, 07/10/2014,6288
979098, 07/10/2014,B100-SOY,19 Argo IL - Argo Kinder Morgan IL,Mike Raess & SonTrucking,830453, 07/10/2014,1109
979027, 07/10/2014,B15 BioDiesel,19 Argo IL - Argo Kinder Morgan IL,Mike Raess & SonTrucking,830454, 07/10/2014,7399
648283, 07/11/2014,#2 ULTRA LS DIESEL UNDYED,19 Argo IL - Argo Kinder Morgan IL,EXCEL,830884, 07/11/2014,6292
979343, 07/11/2014,B100-SOY,19 Argo IL - Argo Kinder Morgan IL,EXCEL,830884, 07/11/2014,1111
648377, 07/12/2014,#2 ULTRA LS DIESEL UNDYED,19 Argo IL - Argo Kinder Morgan IL,EXCEL,830888, 07/12/2014,6290
979497, 07/12/2014,B100-SOY,19 Argo IL - Argo Kinder Morgan IL,EXCEL,830888, 07/12/2014,1109
648422, 07/13/2014,#2 ULTRA LS DIESEL UNDYED,19 Argo IL - Argo Kinder Morgan IL,EXCEL,830890, 07/13/2014,6290
979555, 07/13/2014,B100-SOY,19 Argo IL - Argo Kinder Morgan IL,EXCEL,830890, 07/13/2014,1109
648689, 07/16/2014,#2 ULTRA LS DIESEL UNDYED,19 Argo IL - Argo Kinder Morgan IL,EXCEL,831193, 07/16/2014,6291
980062, 07/16/2014,B100-SOY,19 Argo IL - Argo Kinder Morgan IL,EXCEL,831193, 07/16/2014,1112
648768, 07/16/2014,#2 ULTRA LS DIESEL UNDYED,19 Argo IL - Argo Kinder Morgan IL,EXCEL,831494, 07/16/2014,6290
980187, 07/16/2014,B100-SOY,19 Argo IL - Argo Kinder Morgan IL,EXCEL,831494, 07/16/2014,1109
648777, 07/16/2014,#2 ULTRA LS DIESEL UNDYED,19 Argo IL - Argo Kinder Morgan IL,EXCEL,831497, 07/16/2014,6291
980189, 07/16/2014,B100-SOY,19 Argo IL - Argo Kinder Morgan IL,EXCEL,831497, 07/16/2014,1113
648804, 07/16/2014,#2 ULTRA LS DIESEL UNDYED,19 Argo IL - Argo Kinder Morgan IL,EXCEL,831498, 07/16/2014,6290
980234, 07/17/2014,B100-SOY,19 Argo IL - Argo Kinder Morgan IL,EXCEL,831498, 07/16/2014,1110
879450, 07/17/2014,RFG NL 10% /E (87 MIN OC,23 Lockport IL - Lockport IL,Mike Raess & SonTrucking,831747, 07/17/2014,7528
879450, 07/17/2014,RFG PNL W/10%E 93 MIN,23 Lockport IL - Lockport IL,Mike Raess & SonTrucking,831747, 07/17/2014,1175
648809, 07/17/2014,#2 ULTRA LS DIESEL UNDYED,19 Argo IL - Argo Kinder Morgan IL,Mike Raess & SonTrucking,831748, 07/17/2014,6290
980240, 07/17/2014,B100-SOY,19 Argo IL - Argo Kinder Morgan IL,Mike Raess & SonTrucking,831748, 07/17/2014,1110
649052, 07/18/2014,#2 ULTRA LS DIESEL UNDYED,19 Argo IL - Argo Kinder Morgan IL,EXCEL,832666, 07/18/2014,6291
980607, 07/18/2014,B100-SOY,19 Argo IL - Argo Kinder Morgan IL,EXCEL,832666, 07/18/2014,1110
649104, 07/19/2014,#2 ULTRA LS DIESEL UNDYED,19 Argo IL - Argo Kinder Morgan IL,EXCEL,832667, 07/19/2014,6890
980676, 07/19/2014,B100-SOY,19 Argo IL - Argo Kinder Morgan IL,EXCEL,832667, 07/19/2014,1111
649236, 07/20/2014,#2 ULTRA LS DIESEL UNDYED,19 Argo IL - Argo Kinder Morgan IL,EXCEL,832668, 07/20/2014,6290
980863, 07/20/2014,B100-SOY,19 Argo IL - Argo Kinder Morgan IL,EXCEL,832668, 07/20/2014,1109
649244, 07/21/2014,#2 ULTRA LS DIESEL UNDYED,19 Argo IL - Argo Kinder Morgan IL,EXCEL,832669, 07/21/2014,6291
980866, 07/21/2014,B100-SOY,19 Argo IL - Argo Kinder Morgan IL,EXCEL,832669, 07/21/2014,1109
164029, 07/21/2014,#2 ULTRA LS DIESEL UNDYED,05 Forest View IL - Forest View IL,EXCEL,832952, 07/21/2014,6294
981097, 07/22/2014,B100-SOY,19 Argo IL - Argo Kinder Morgan IL,EXCEL,832952, 07/21/2014,1111
164022, 07/21/2014,#2 ULTRA LS DIESEL UNDYED,05 Forest View IL - Forest View IL,EXCEL,832953, 07/21/2014,6286
981078, 07/21/2014,B100-SOY,19 Argo IL - Argo Kinder Morgan IL,EXCEL,832953, 07/21/2014,1112
164026, 07/21/2014,#2 ULTRA LS DIESEL UNDYED,05 Forest View IL - Forest View IL,EXCEL,832954, 07/21/2014,4809
164021, 07/21/2014,#2 ULTRA LS DIESEL UNDYED,05 Forest View IL - Forest View IL,EXCEL,832954, 07/21/2014,1480
981070, 07/21/2014,B100-SOY,19 Argo IL - Argo Kinder Morgan IL,EXCEL,832954, 07/21/2014,1100
164039, 07/22/2014,#2 ULTRA LS DIESEL UNDYED,05 Forest View IL - Forest View IL,EXCEL,832955, 07/22/2014,6288
981110, 07/22/2014,B100-SOY,19 Argo IL - Argo Kinder Morgan IL,EXCEL,832955, 07/22/2014,1109
649528, 07/23/2014,#2 ULTRA LS DIESEL UNDYED,19 Argo IL - Argo Kinder Morgan IL,EXCEL,833543, 07/23/2014,6290
981585, 07/23/2014,B100-SOY,19 Argo IL - Argo Kinder Morgan IL,EXCEL,833543, 07/23/2014,1110
649518, 07/23/2014,#2 ULTRA LS DIESEL UNDYED,19 Argo IL - Argo Kinder Morgan IL,EXCEL,833544, 07/23/2014,6290
981563, 07/23/2014,B100-SOY,19 Argo IL - Argo Kinder Morgan IL,EXCEL,833544, 07/23/2014,1110
649504, 07/23/2014,#2 ULTRA LS DIESEL UNDYED,19 Argo IL - Argo Kinder Morgan IL,EXCEL,833545, 07/23/2014,6290
981544, 07/23/2014,B100-SOY,19 Argo IL - Argo Kinder Morgan IL,EXCEL,833545, 07/23/2014,1110
649519, 07/23/2014,#2 ULTRA LS DIESEL UNDYED,19 Argo IL - Argo Kinder Morgan IL,EXCEL,833546, 07/23/2014,4338
649520, 07/23/2014,#2 ULTRA LS DIESEL UNDYED,19 Argo IL - Argo Kinder Morgan IL,EXCEL,833546, 07/23/2014,1952
981564, 07/23/2014,B100-SOY,19 Argo IL - Argo Kinder Morgan IL,EXCEL,833546, 07/23/2014,1109
982016, 07/25/2014,#2 ULTRA LS DIESEL UNDYED,19 Argo IL - Argo Kinder Morgan IL,EXCEL,833739, 07/25/2014,6290
982008, 07/25/2014,B100-SOY,19 Argo IL - Argo Kinder Morgan IL,EXCEL,833739, 07/25/2014,1109
982049, 07/25/2014,#2 ULTRA LS DIESEL UNDYED,19 Argo IL - Argo Kinder Morgan IL,EXCEL,833740, 07/25/2014,6293
982053, 07/25/2014,B100-SOY,19 Argo IL - Argo Kinder Morgan IL,EXCEL,833740, 07/25/2014,1110
982051, 07/25/2014,#2 ULTRA LS DIESEL UNDYED,19 Argo IL - Argo Kinder Morgan IL,EXCEL,833741, 07/25/2014,6290
982046, 07/25/2014,B100-SOY,19 Argo IL - Argo Kinder Morgan IL,EXCEL,833741, 07/25/2014,1109
982031, 07/25/2014,#2 ULTRA LS DIESEL UNDYED,19 Argo IL - Argo Kinder Morgan IL,EXCEL,833744, 07/25/2014,6291
982029, 07/25/2014,B100-SOY,19 Argo IL - Argo Kinder Morgan IL,EXCEL,833744, 07/25/2014,1109
982558, 07/28/2014,#2 ULTRA LS DIESEL UNDYED,19 Argo IL - Argo Kinder Morgan IL,EXCEL,834279, 07/28/2014,6292
982560, 07/28/2014,B100-SOY,19 Argo IL - Argo Kinder Morgan IL,EXCEL,834279, 07/28/2014,1109
43452, 07/29/2014,RFG NL 10% /E (87 MIN OC,03 Lemont IL - Lemont IL,EXCEL,834600, 07/29/2014,7002
43452, 07/29/2014,RFG PNL W/10%E 93 MIN,03 Lemont IL - Lemont IL,EXCEL,834600, 07/29/2014,1500
165003, 07/29/2014,#2 ULTRA LS DIESEL UNDYED,05 Forest View IL - Forest View IL,EXCEL,834624, 07/29/2014,6292
982770, 07/29/2014,B100-SOY,19 Argo IL - Argo Kinder Morgan IL,EXCEL,834624, 07/29/2014,1073
982700, 07/29/2014,#2 ULTRA LS DIESEL UNDYED,19 Argo IL - Argo Kinder Morgan IL,EXCEL,834626, 07/29/2014,6290
982703, 07/29/2014,B100-SOY,19 Argo IL - Argo Kinder Morgan IL,EXCEL,834626, 07/29/2014,1109
945929, 07/28/2014,#2 ULTRA LS DIESEL UNDYED,Bolingbrook - Bolongbrook,Mike Raess & SonTrucking,834824, 07/28/2014,6290
982387, 07/28/2014,B100-SOY,19 Argo IL - Argo Kinder Morgan IL,Mike Raess & SonTrucking,834824, 07/28/2014,1110
982713, 07/29/2014,#2 ULTRA LS DIESEL UNDYED,19 Argo IL - Argo Kinder Morgan IL,EXCEL,835035, 07/29/2014,6292
982719, 07/29/2014,B100-SOY,19 Argo IL - Argo Kinder Morgan IL,EXCEL,835035, 07/29/2014,1109
164992, 07/29/2014,#2 ULTRA LS DIESEL UNDYED,05 Forest View IL - Forest View IL,EXCEL,835037, 07/29/2014,6289
982753, 07/29/2014,B100-SOY,19 Argo IL - Argo Kinder Morgan IL,EXCEL,835037, 07/29/2014,1080
650362, 07/31/2014,#2 ULTRA LS DIESEL UNDYED,19 Argo IL - Argo Kinder Morgan IL,EXCEL,835274, 07/31/2014,6291
983299, 07/31/2014,B100-SOY,19 Argo IL - Argo Kinder Morgan IL,EXCEL,835274, 07/31/2014,1110
650346, 07/31/2014,#2 ULTRA LS DIESEL UNDYED,19 Argo IL - Argo Kinder Morgan IL,EXCEL,835275, 07/31/2014,6290
983259, 07/31/2014,B100-SOY,19 Argo IL - Argo Kinder Morgan IL,EXCEL,835275, 07/31/2014,1109
650360, 07/31/2014,#2 ULTRA LS DIESEL UNDYED,19 Argo IL - Argo Kinder Morgan IL,EXCEL,835276, 07/31/2014,2683
650358, 07/31/2014,#2 ULTRA LS DIESEL UNDYED,19 Argo IL - Argo Kinder Morgan IL,EXCEL,835276, 07/31/2014,3607
983290, 07/31/2014,B100-SOY,19 Argo IL - Argo Kinder Morgan IL,EXCEL,835276, 07/31/2014,1109
650374, 08/01/2014,#2 ULTRA LS DIESEL UNDYED,19 Argo IL - Argo Kinder Morgan IL,EXCEL,835278, 08/01/2014,6290
983301, 08/01/2014,B100-SOY,19 Argo IL - Argo Kinder Morgan IL,EXCEL,835278, 08/01/2014,1109
983585, 08/02/2014,#2 ULTRA LS DIESEL UNDYED,19 Argo IL - Argo Kinder Morgan IL,EXCEL,835451, 08/02/2014,6293
983576, 08/02/2014,B100-SOY,19 Argo IL - Argo Kinder Morgan IL,EXCEL,835451, 08/02/2014,1110
650615, 08/03/2014,#2 ULTRA LS DIESEL UNDYED,19 Argo IL - Argo Kinder Morgan IL,EXCEL,836082, 08/03/2014,6290
983711, 08/03/2014,B100-SOY,19 Argo IL - Argo Kinder Morgan IL,EXCEL,836082, 08/03/2014,1110
650750, 08/04/2014,#2 ULTRA LS DIESEL UNDYED,19 Argo IL - Argo Kinder Morgan IL,EXCEL,836083, 08/04/2014,6290
983989, 08/04/2014,B100-SOY,19 Argo IL - Argo Kinder Morgan IL,EXCEL,836083, 08/04/2014,1098
650739, 08/04/2014,#2 ULTRA LS DIESEL UNDYED,19 Argo IL - Argo Kinder Morgan IL,EXCEL,836084, 08/04/2014,6290
983967, 08/04/2014,B100-SOY,19 Argo IL - Argo Kinder Morgan IL,EXCEL,836084, 08/04/2014,1109
650727, 08/04/2014,#2 ULTRA LS DIESEL UNDYED,19 Argo IL - Argo Kinder Morgan IL,EXCEL,836129, 08/04/2014,6290
983944, 08/04/2014,B100-SOY,19 Argo IL - Argo Kinder Morgan IL,EXCEL,836129, 08/04/2014,1109
650728, 08/04/2014,#2 ULTRA LS DIESEL UNDYED,19 Argo IL - Argo Kinder Morgan IL,EXCEL,836131, 08/04/2014,6290
983947, 08/04/2014,B100-SOY,19 Argo IL - Argo Kinder Morgan IL,EXCEL,836131, 08/04/2014,1110
984435, 08/06/2014,#2 ULTRA LS DIESEL UNDYED,19 Argo IL - Argo Kinder Morgan IL,EXCEL,836667, 08/06/2014,6294
984427, 08/06/2014,B100-SOY,19 Argo IL - Argo Kinder Morgan IL,EXCEL,836667, 08/06/2014,1110
984461, 08/06/2014,#2 ULTRA LS DIESEL UNDYED,19 Argo IL - Argo Kinder Morgan IL,EXCEL,836668, 08/06/2014,6294
984458, 08/06/2014,B100-SOY,19 Argo IL - Argo Kinder Morgan IL,EXCEL,836668, 08/06/2014,1110
45212, 08/07/2014,RFG NL 10% /E (87 MIN OC,03 Lemont IL - Lemont IL,EXCEL,836940, 08/07/2014,7500
45212, 08/07/2014,RFG PNL W/10%E 93 MIN,03 Lemont IL - Lemont IL,EXCEL,836940, 08/07/2014,1000
650996, 08/06/2014,#2 ULTRA LS DIESEL UNDYED,19 Argo IL - Argo Kinder Morgan IL,EXCEL,837084, 08/06/2014,6290
984509, 08/06/2014,B100-SOY,19 Argo IL - Argo Kinder Morgan IL,EXCEL,837084, 08/06/2014,1092
165849, 08/06/2014,#2 ULTRA LS DIESEL UNDYED,05 Forest View IL - Forest View IL,EXCEL,837085, 08/06/2014,6288
984499, 08/06/2014,B100-SOY,19 Argo IL - Argo Kinder Morgan IL,EXCEL,837085, 08/06/2014,1087
165981, 08/07/2014,#2 ULTRA LS DIESEL UNDYED,05 Forest View IL - Forest View IL,EXCEL,837094, 08/07/2014,6288
984726, 08/07/2014,B100-SOY,19 Argo IL - Argo Kinder Morgan IL,EXCEL,837094, 08/07/2014,1109
985415, 08/11/2014,#2 ULTRA LS DIESEL UNDYED,19 Argo IL - Argo Kinder Morgan IL,EXCEL,837786, 08/11/2014,6291
985417, 08/11/2014,B100-SOY,19 Argo IL - Argo Kinder Morgan IL,EXCEL,837786, 08/11/2014,1112
985400, 08/11/2014,#2 ULTRA LS DIESEL UNDYED,19 Argo IL - Argo Kinder Morgan IL,EXCEL,837787, 08/11/2014,6293
985403, 08/11/2014,B100-SOY,19 Argo IL - Argo Kinder Morgan IL,EXCEL,837787, 08/11/2014,1109
650992, 08/06/2014,#2 ULTRA LS DIESEL UNDYED,19 Argo IL - Argo Kinder Morgan IL,EXCEL,837960, 08/06/2014,6290
984501, 08/06/2014,B100-SOY,19 Argo IL - Argo Kinder Morgan IL,EXCEL,837960, 08/06/2014,1087
651339, 08/10/2014,#2 ULTRA LS DIESEL UNDYED,19 Argo IL - Argo Kinder Morgan IL,EXCEL,837967, 08/10/2014,6290
985160, 08/10/2014,B100-SOY,19 Argo IL - Argo Kinder Morgan IL,EXCEL,837967, 08/10/2014,1109
651577, 08/12/2014,#2 ULTRA LS DIESEL UNDYED,19 Argo IL - Argo Kinder Morgan IL,EXCEL,838475, 08/12/2014,6290
985638, 08/12/2014,B100-SOY,19 Argo IL - Argo Kinder Morgan IL,EXCEL,838475, 08/12/2014,1110
651584, 08/13/2014,#2 ULTRA LS DIESEL UNDYED,19 Argo IL - Argo Kinder Morgan IL,EXCEL,838479, 08/13/2014,6290
985657, 08/13/2014,B100-SOY,19 Argo IL - Argo Kinder Morgan IL,EXCEL,838479, 08/13/2014,1108
651562, 08/12/2014,#2 ULTRA LS DIESEL UNDYED,19 Argo IL - Argo Kinder Morgan IL,EXCEL,838480, 08/12/2014,6290
985616, 08/12/2014,B100-SOY,19 Argo IL - Argo Kinder Morgan IL,EXCEL,838480, 08/12/2014,1109
651572, 08/12/2014,#2 ULTRA LS DIESEL UNDYED,19 Argo IL - Argo Kinder Morgan IL,EXCEL,838481, 08/12/2014,6290
985631, 08/12/2014,B100-SOY,19 Argo IL - Argo Kinder Morgan IL,EXCEL,838481, 08/12/2014,1110
166687, 08/13/2014,#2 ULTRA LS DIESEL UNDYED,05 Forest View IL - Forest View IL,EXCEL,838753, 08/13/2014,6288
985859, 08/13/2014,B100-SOY,19 Argo IL - Argo Kinder Morgan IL,EXCEL,838753, 08/13/2014,1109
166699, 08/13/2014,#2 ULTRA LS DIESEL UNDYED,05 Forest View IL - Forest View IL,EXCEL,838754, 08/13/2014,6287
985874, 08/14/2014,B100-SOY,19 Argo IL - Argo Kinder Morgan IL,EXCEL,838754, 08/13/2014,1108
651654, 08/13/2014,#2 ULTRA LS DIESEL UNDYED,19 Argo IL - Argo Kinder Morgan IL,EXCEL,838755, 08/13/2014,6290
985837, 08/13/2014,B100-SOY,19 Argo IL - Argo Kinder Morgan IL,EXCEL,838755, 08/13/2014,1110
986804, 08/19/2014,#2 ULTRA LS DIESEL UNDYED,19 Argo IL - Argo Kinder Morgan IL,EXCEL,839399, 08/19/2014,6293
986806, 08/19/2014,B100-SOY,19 Argo IL - Argo Kinder Morgan IL,EXCEL,839399, 08/19/2014,1110
986793, 08/19/2014,#2 ULTRA LS DIESEL UNDYED,19 Argo IL - Argo Kinder Morgan IL,EXCEL,839400, 08/19/2014,6294
986795, 08/19/2014,B100-SOY,19 Argo IL - Argo Kinder Morgan IL,EXCEL,839400, 08/19/2014,1109
166922, 08/15/2014,#2 ULTRA LS DIESEL UNDYED,05 Forest View IL - Forest View IL,EXCEL,839612, 08/15/2014,6289
986254, 08/15/2014,B100-SOY,19 Argo IL - Argo Kinder Morgan IL,EXCEL,839612, 08/15/2014,1111
651849, 08/15/2014,#2 ULTRA LS DIESEL UNDYED,19 Argo IL - Argo Kinder Morgan IL,EXCEL,839614, 08/15/2014,6290
986215, 08/15/2014,B100-SOY,19 Argo IL - Argo Kinder Morgan IL,EXCEL,839614, 08/15/2014,1110
651852, 08/15/2014,#2 ULTRA LS DIESEL UNDYED,19 Argo IL - Argo Kinder Morgan IL,EXCEL,839615, 08/15/2014,6290
986204, 08/15/2014,B100-SOY,19 Argo IL - Argo Kinder Morgan IL,EXCEL,839615, 08/15/2014,1110
651865, 08/15/2014,#2 ULTRA LS DIESEL UNDYED,19 Argo IL - Argo Kinder Morgan IL,EXCEL,839616, 08/15/2014,6290
986252, 08/15/2014,B100-SOY,19 Argo IL - Argo Kinder Morgan IL,EXCEL,839616, 08/15/2014,1109
47439, 08/19/2014,RFG NL 10% /E (87 MIN OC,03 Lemont IL - Lemont IL,EXCEL,839694, 08/19/2014,7002
47439, 08/19/2014,RFG PNL W/10%E 93 MIN,03 Lemont IL - Lemont IL,EXCEL,839694, 08/19/2014,1501
652262, 08/19/2014,#2 ULTRA LS DIESEL UNDYED,19 Argo IL - Argo Kinder Morgan IL,EXCEL,839729, 08/19/2014,6290
987046, 08/19/2014,B100-SOY,19 Argo IL - Argo Kinder Morgan IL,EXCEL,839729, 08/19/2014,1110
652276, 08/20/2014,#2 ULTRA LS DIESEL UNDYED,19 Argo IL - Argo Kinder Morgan IL,EXCEL,839749, 08/20/2014,6290
987082, 08/20/2014,B100-SOY,19 Argo IL - Argo Kinder Morgan IL,EXCEL,839749, 08/20/2014,1110
987245, 08/20/2014,#2 ULTRA LS DIESEL UNDYED,19 Argo IL - Argo Kinder Morgan IL,EXCEL,840051, 08/20/2014,6293
987241, 08/20/2014,B100-SOY,19 Argo IL - Argo Kinder Morgan IL,EXCEL,840051, 08/20/2014,1101
987258, 08/20/2014,#2 ULTRA LS DIESEL UNDYED,19 Argo IL - Argo Kinder Morgan IL,EXCEL,840056, 08/20/2014,6292
987263, 08/20/2014,B100-SOY,19 Argo IL - Argo Kinder Morgan IL,EXCEL,840056, 08/20/2014,1111
167533, 08/20/2014,#2 ULTRA LS DIESEL UNDYED,05 Forest View IL - Forest View IL,EXCEL,840477, 08/20/2014,6291
987296, 08/20/2014,B100-SOY,19 Argo IL - Argo Kinder Morgan IL,EXCEL,840477, 08/20/2014,1111
167522, 08/20/2014,#2 ULTRA LS DIESEL UNDYED,05 Forest View IL - Forest View IL,EXCEL,840479, 08/20/2014,6288
987273, 08/20/2014,B100-SOY,19 Argo IL - Argo Kinder Morgan IL,EXCEL,840479, 08/20/2014,1110
48241, 08/22/2014,#2 ULTRA LS DIESEL UNDYED,03 Lemont IL - Lemont IL,EXCEL,840596, 08/22/2014,6290
987689, 08/22/2014,B100-SOY,19 Argo IL - Argo Kinder Morgan IL,EXCEL,840596, 08/22/2014,1110
987681, 08/22/2014,#2 ULTRA LS DIESEL UNDYED,19 Argo IL - Argo Kinder Morgan IL,EXCEL,840607, 08/22/2014,6291
987685, 08/22/2014,B100-SOY,19 Argo IL - Argo Kinder Morgan IL,EXCEL,840607, 08/22/2014,1109
168134, 08/25/2014,#2 ULTRA LS DIESEL UNDYED,05 Forest View IL - Forest View IL,EXCEL,841345, 08/25/2014,6290
988160, 08/25/2014,B100-SOY,19 Argo IL - Argo Kinder Morgan IL,EXCEL,841345, 08/25/2014,1109
168131, 08/25/2014,#2 ULTRA LS DIESEL UNDYED,05 Forest View IL - Forest View IL,EXCEL,841348, 08/25/2014,6290
988149, 08/25/2014,B100-SOY,19 Argo IL - Argo Kinder Morgan IL,EXCEL,841348, 08/25/2014,1111
168122, 08/25/2014,#2 ULTRA LS DIESEL UNDYED,05 Forest View IL - Forest View IL,EXCEL,841350, 08/25/2014,6291
988138, 08/25/2014,B100-SOY,19 Argo IL - Argo Kinder Morgan IL,EXCEL,841350, 08/25/2014,1111
851228, 08/24/2014,#2 ULTRA LS DIESEL UNDYED,Bolingbrook - Bolongbrook,EXCEL,841605, 08/24/2014,6290
987983, 08/24/2014,B100-SOY,19 Argo IL - Argo Kinder Morgan IL,EXCEL,841605, 08/24/2014,1109
988525, 08/27/2014,#2 ULTRA LS DIESEL UNDYED,19 Argo IL - Argo Kinder Morgan IL,EXCEL,841717, 08/27/2014,6290
988531, 08/27/2014,B100-SOY,19 Argo IL - Argo Kinder Morgan IL,EXCEL,841717, 08/27/2014,1109
168401, 08/27/2014,#2 ULTRA LS DIESEL UNDYED,05 Forest View IL - Forest View IL,EXCEL,841834, 08/27/2014,6289
988653, 08/27/2014,B100-SOY,19 Argo IL - Argo Kinder Morgan IL,EXCEL,841834, 08/27/2014,1110
49336, 08/28/2014,RFG NL 10% /E (87 MIN OC,03 Lemont IL - Lemont IL,EXCEL,841943, 08/28/2014,7001
49336, 08/28/2014,RFG PNL W/10%E 93 MIN,03 Lemont IL - Lemont IL,EXCEL,841943, 08/28/2014,1500
988907, 08/28/2014,#2 ULTRA LS DIESEL UNDYED,19 Argo IL - Argo Kinder Morgan IL,EXCEL,841988, 08/28/2014,260
988906, 08/28/2014,#2 ULTRA LS DIESEL UNDYED,19 Argo IL - Argo Kinder Morgan IL,EXCEL,841988, 08/28/2014,6033
988896, 08/28/2014,B100-SOY,19 Argo IL - Argo Kinder Morgan IL,EXCEL,841988, 08/28/2014,1109
988908, 08/28/2014,#2 ULTRA LS DIESEL UNDYED,19 Argo IL - Argo Kinder Morgan IL,EXCEL,841989, 08/28/2014,6296
988911, 08/28/2014,B100-SOY,19 Argo IL - Argo Kinder Morgan IL,EXCEL,841989, 08/28/2014,1112
168533, 08/28/2014,#2 ULTRA LS DIESEL UNDYED,05 Forest View IL - Forest View IL,Klemm Tank Lines,843221, 08/28/2014,6289
988882, 08/28/2014,B100-SOY,19 Argo IL - Argo Kinder Morgan IL,Klemm Tank Lines,843221, 08/28/2014,1110
628382, 01/14/2014,#2 ULTRA LS DIESEL UNDYED,19 Argo IL - Argo Kinder Morgan IL,EXCEL,790268-1, 01/14/2014,6408
936611, 01/14/2014,B100-SOY,19 Argo IL - Argo Kinder Morgan IL,EXCEL,790268-1, 01/14/2014,791
648550, 07/14/2014,B15 BioDiesel,19 Argo IL - Argo Kinder Morgan IL,EXCEL,830917-1, 07/14/2014,7405
648557, 07/14/2014,B15 BioDiesel,19 Argo IL - Argo Kinder Morgan IL,EXCEL,830918-1, 07/14/2014,7403
,,,,,,,
